[
    {
        "name": "𓊈👿𒆜 𝐃𝐄𝐕 𝐓𝐄𝐀𝐌 𒆜👿𓊉",
        "id": {
            "100016830788715": "العم عزيز 🎀💀",
            "100078280512016": "العم عزيز 🎀💀",
            "100078845411143": "العم عزيز 🎀💀",
            "100084627199108": "العم عزيز 🎀💀",
            "100085157983453": "العم عزيز 🎀💀",
            "100093440923797": "العم عزيز 🎀💀",
            "100095235715479": "العم عزيز 🎀💀",
            "61552554037101": "العم عزيز 🎀💀",
            "61552760593378": "العم عزيز 🎀💀",
            "61557674969783": "العم عزيز 🎀💀",
            "61565492579070": "العم عزيز 🎀💀",
            "61566379311812": "العم عزيز 🎀💀",
            "61567078171663": "العم عزيز 🎀💀",
            "61571821547682": "العم عزيز 🎀💀",
            "61572863992243": "العم عزيز 🎀💀",
            "61572902431630": "العم عزيز 🎀💀",
            "61573006921336": "العم عزيز 🎀💀",
            "61573142920766": "العم عزيز 🎀💀",
            "61573403128931": "العم عزيز 🎀💀",
            "61573502223362": "العم عزيز 🎀💀",
            "61573680933228": "العم عزيز 🎀💀",
            "61573713497827": "العم عزيز 🎀💀",
            "61573735563797": "العم عزيز 🎀💀",
            "61573757651476": "العم عزيز 🎀💀",
            "61574013843234": "العم عزيز 🎀💀",
            "61574181150710": "𖣘 ❲ 𝗡𝗘𝗥𝗢 ✥ 𝗕𝗢𝗧 ❳ 𖣘",
            "61574459390330": "عزيز عم الكل"
        }
    }
]