[
    {
        "name": "💗✨",
        "id": {
            "100013591772326": "ملاك🙂🖐🏻",
            "100042349188187": "صاحب البرويطة",
            "100057160524532": "سوسي🙂💋",
            "100061593633936": "هاجر🙂🤍",
            "100095675227413": "نور اليقين",
            "61551368713153": "هاجر🤭💋",
            "61555999951226": "مصطفۍ 🌚💤",
            "61559130452988": "لينا🙂💘",
            "61559892848105": "دومي 🙂",
            "61562619222753": "نبان خداع؟ 🙂",
            "61568729622749": "乂▓ 🅷🅰🆉🅸🅽 ▓乂",
            "61570195751529": "ملاك🙂🖐🏻",
            "61572318295852": "أيمن🖐🏻✨",
            "61573624410160": "دركي مغوار 🤪😜"
        }
    }
]