[
    {
        "name": "𝘿𝙚𝙫𝘾𝙧𝙚𝙬☠︎⚡",
        "id": {
            "100078845411143": "وائل شيكوركم",
            "100085666955529": ".",
            "100092419574781": "بابا علوش 😏",
            "61557674969783": "صحا عيدكم معا فارس كوشي",
            "61558242083449": ".",
            "61560897338944": ".",
            "61561237464133": "صحا عيدكم معا فارس كوشي",
            "61574575087437": "𝙼𝙸𝙺𝙾 𝙱𝙾𝚃 》✅《 𝙴𝙽𝙰𝙱𝙻𝙴𝙳",
            "61574639843583": "وائل شيكوركم",
            "61574722410868": "NINA 💗🍡🐧🦆 BOT✅",
            "61574931371423": "[ Rex ] • Bot",
            "61575111064539": "[ Rex ] • Bot"
        }
    }
]