{
    "total": [
        {
            "id": "61571976292623",
            "count": 0
        },
        {
            "id": "100061593633936",
            "count": 44
        },
        {
            "id": "61570184360743",
            "count": 0
        },
        {
            "id": "100081265717856",
            "count": 0
        },
        {
            "id": "61559130452988",
            "count": 0
        },
        {
            "id": "61564084460428",
            "count": 0
        },
        {
            "id": "61551368713153",
            "count": 0
        },
        {
            "id": "100013591772326",
            "count": 0
        },
        {
            "id": "61563410281131",
            "count": 0
        },
        {
            "id": "100082887654898",
            "count": 0
        },
        {
            "id": "61572516115053",
            "count": 0
        },
        {
            "id": "61572787022305",
            "count": 0
        },
        {
            "id": "61565838472789",
            "count": 0
        },
        {
            "id": "61571668926638",
            "count": 0
        },
        {
            "id": "61571727063168",
            "count": 0
        },
        {
            "id": "61563482255080",
            "count": 0
        },
        {
            "id": "61572170966342",
            "count": 0
        },
        {
            "id": "61559885325365",
            "count": 0
        },
        {
            "id": "100092217360523",
            "count": 0
        },
        {
            "id": "61571242561741",
            "count": 0
        },
        {
            "id": "100088445867022",
            "count": 0
        },
        {
            "id": "61550796310469",
            "count": 0
        },
        {
            "id": "61571223823215",
            "count": 0
        },
        {
            "id": "61559562958759",
            "count": 0
        },
        {
            "id": "61562171441584",
            "count": 0
        },
        {
            "id": "100091994765339",
            "count": 0
        },
        {
            "id": "61565051556046",
            "count": 0
        },
        {
            "id": "61571402912635",
            "count": 0
        },
        {
            "id": "100089810132101",
            "count": 0
        },
        {
            "id": "61572460949832",
            "count": 0
        },
        {
            "id": "61571172711284",
            "count": 0
        },
        {
            "id": "61571220497166",
            "count": 0
        },
        {
            "id": "61572952821913",
            "count": 0
        },
        {
            "id": "61568316411800",
            "count": 0
        },
        {
            "id": "61551867159240",
            "count": 0
        },
        {
            "id": "100048831948308",
            "count": 0
        },
        {
            "id": "61570195751529",
            "count": 0
        },
        {
            "id": "61566186627328",
            "count": 0
        },
        {
            "id": "100065406794482",
            "count": 6
        },
        {
            "id": "61570125243748",
            "count": 0
        },
        {
            "id": "61563778085718",
            "count": 22
        },
        {
            "id": "61557431709114",
            "count": 0
        },
        {
            "id": "61571821547682",
            "count": 0
        },
        {
            "id": "100087455661483",
            "count": 0
        },
        {
            "id": "61551104604046",
            "count": 2
        },
        {
            "id": "61561032810020",
            "count": 0
        },
        {
            "id": "100091755340799",
            "count": 0
        },
        {
            "id": "100087995264857",
            "count": 0
        },
        {
            "id": "61559722304646",
            "count": 0
        },
        {
            "id": "61570199439444",
            "count": 0
        },
        {
            "id": "100090770142939",
            "count": 0
        },
        {
            "id": "61568586115132",
            "count": 0
        },
        {
            "id": "61557158224666",
            "count": 0
        },
        {
            "id": "61562915775836",
            "count": 0
        },
        {
            "id": "61566125303025",
            "count": 0
        },
        {
            "id": "61572926259617",
            "count": 0
        },
        {
            "id": "61573137811379",
            "count": 0
        },
        {
            "id": "100011078118299",
            "count": 0
        },
        {
            "id": "61571220329515",
            "count": 0
        },
        {
            "id": "61573760470772",
            "count": 0
        },
        {
            "id": "61573172367926",
            "count": 0
        },
        {
            "id": "61573811001932",
            "count": 10
        },
        {
            "id": "61554762441191",
            "count": 0
        },
        {
            "id": "61552088190782",
            "count": 0
        },
        {
            "id": "61552302385112",
            "count": 0
        },
        {
            "id": "61562653271115",
            "count": 0
        },
        {
            "id": "61573118967814",
            "count": 0
        },
        {
            "id": "61554508958898",
            "count": 0
        },
        {
            "id": "61561467290888",
            "count": 0
        },
        {
            "id": "61561173330156",
            "count": 0
        },
        {
            "id": "100019514145181",
            "count": 0
        },
        {
            "id": "61572998365462",
            "count": 0
        },
        {
            "id": "61571105590053",
            "count": 0
        },
        {
            "id": "100076826815794",
            "count": 0
        },
        {
            "id": "61572465262666",
            "count": 0
        },
        {
            "id": "61565739221987",
            "count": 0
        },
        {
            "id": "61571033039665",
            "count": 0
        },
        {
            "id": "100089306142338",
            "count": 10
        },
        {
            "id": "61553475960109",
            "count": 0
        },
        {
            "id": "61563995732741",
            "count": 0
        },
        {
            "id": "61562619222753",
            "count": 0
        },
        {
            "id": "61571719432023",
            "count": 0
        },
        {
            "id": "61561778011155",
            "count": 0
        },
        {
            "id": "61572248140695",
            "count": 0
        },
        {
            "id": "61572456265869",
            "count": 0
        },
        {
            "id": "61557251661694",
            "count": 0
        },
        {
            "id": "61556089730032",
            "count": 10
        },
        {
            "id": "100075051725275",
            "count": 0
        },
        {
            "id": "100085254047551",
            "count": 0
        },
        {
            "id": "61573186522128",
            "count": 0
        },
        {
            "id": "61563070361488",
            "count": 0
        },
        {
            "id": "61569561804725",
            "count": 0
        },
        {
            "id": "61560265371754",
            "count": 0
        },
        {
            "id": "100045939502634",
            "count": 0
        },
        {
            "id": "61571157088111",
            "count": 0
        },
        {
            "id": "61573757651476",
            "count": 0
        },
        {
            "id": "100000085252899",
            "count": 0
        },
        {
            "id": "61572318295852",
            "count": 0
        },
        {
            "id": "100087040082415",
            "count": 0
        },
        {
            "id": "61555999951226",
            "count": 0
        },
        {
            "id": "61559892848105",
            "count": 0
        },
        {
            "id": "100016830788715",
            "count": 12
        },
        {
            "id": "100024338160763",
            "count": 0
        },
        {
            "id": "100090472077067",
            "count": 0
        },
        {
            "id": "61558173467697",
            "count": 0
        },
        {
            "id": "61573597515154",
            "count": 0
        },
        {
            "id": "100070256431388",
            "count": 0
        },
        {
            "id": "100055379890168",
            "count": 0
        },
        {
            "id": "61555311206772",
            "count": 0
        },
        {
            "id": "100042349188187",
            "count": 30
        },
        {
            "id": "100057160524532",
            "count": 36
        },
        {
            "id": "100007894364916",
            "count": 0
        },
        {
            "id": "61573235134009",
            "count": 0
        },
        {
            "id": "61557229842315",
            "count": 2
        },
        {
            "id": "61557769401373",
            "count": 0
        },
        {
            "id": "61573738657716",
            "count": 0
        }
    ],
    "week": [
        {
            "id": "61571976292623",
            "count": 0
        },
        {
            "id": "100061593633936",
            "count": 44
        },
        {
            "id": "61570184360743",
            "count": 0
        },
        {
            "id": "100081265717856",
            "count": 0
        },
        {
            "id": "61559130452988",
            "count": 0
        },
        {
            "id": "61564084460428",
            "count": 0
        },
        {
            "id": "61551368713153",
            "count": 0
        },
        {
            "id": "100013591772326",
            "count": 0
        },
        {
            "id": "61563410281131",
            "count": 0
        },
        {
            "id": "100082887654898",
            "count": 0
        },
        {
            "id": "61572516115053",
            "count": 0
        },
        {
            "id": "61572787022305",
            "count": 0
        },
        {
            "id": "61565838472789",
            "count": 0
        },
        {
            "id": "61571668926638",
            "count": 0
        },
        {
            "id": "61571727063168",
            "count": 0
        },
        {
            "id": "61563482255080",
            "count": 0
        },
        {
            "id": "61572170966342",
            "count": 0
        },
        {
            "id": "61559885325365",
            "count": 0
        },
        {
            "id": "100092217360523",
            "count": 0
        },
        {
            "id": "61571242561741",
            "count": 0
        },
        {
            "id": "100088445867022",
            "count": 0
        },
        {
            "id": "61550796310469",
            "count": 0
        },
        {
            "id": "61571223823215",
            "count": 0
        },
        {
            "id": "61559562958759",
            "count": 0
        },
        {
            "id": "61562171441584",
            "count": 0
        },
        {
            "id": "100091994765339",
            "count": 0
        },
        {
            "id": "61565051556046",
            "count": 0
        },
        {
            "id": "61571402912635",
            "count": 0
        },
        {
            "id": "100089810132101",
            "count": 0
        },
        {
            "id": "61572460949832",
            "count": 0
        },
        {
            "id": "61571172711284",
            "count": 0
        },
        {
            "id": "61571220497166",
            "count": 0
        },
        {
            "id": "61572952821913",
            "count": 0
        },
        {
            "id": "61568316411800",
            "count": 0
        },
        {
            "id": "61551867159240",
            "count": 0
        },
        {
            "id": "100048831948308",
            "count": 0
        },
        {
            "id": "61570195751529",
            "count": 0
        },
        {
            "id": "61566186627328",
            "count": 0
        },
        {
            "id": "100065406794482",
            "count": 6
        },
        {
            "id": "61570125243748",
            "count": 0
        },
        {
            "id": "61563778085718",
            "count": 22
        },
        {
            "id": "61557431709114",
            "count": 0
        },
        {
            "id": "61571821547682",
            "count": 0
        },
        {
            "id": "100087455661483",
            "count": 0
        },
        {
            "id": "61551104604046",
            "count": 2
        },
        {
            "id": "61561032810020",
            "count": 0
        },
        {
            "id": "100091755340799",
            "count": 0
        },
        {
            "id": "100087995264857",
            "count": 0
        },
        {
            "id": "61559722304646",
            "count": 0
        },
        {
            "id": "61570199439444",
            "count": 0
        },
        {
            "id": "100090770142939",
            "count": 0
        },
        {
            "id": "61568586115132",
            "count": 0
        },
        {
            "id": "61557158224666",
            "count": 0
        },
        {
            "id": "61562915775836",
            "count": 0
        },
        {
            "id": "61566125303025",
            "count": 0
        },
        {
            "id": "61572926259617",
            "count": 0
        },
        {
            "id": "61573137811379",
            "count": 0
        },
        {
            "id": "100011078118299",
            "count": 0
        },
        {
            "id": "61571220329515",
            "count": 0
        },
        {
            "id": "61573760470772",
            "count": 0
        },
        {
            "id": "61573172367926",
            "count": 0
        },
        {
            "id": "61573811001932",
            "count": 10
        },
        {
            "id": "61554762441191",
            "count": 0
        },
        {
            "id": "61552088190782",
            "count": 0
        },
        {
            "id": "61552302385112",
            "count": 0
        },
        {
            "id": "61562653271115",
            "count": 0
        },
        {
            "id": "61573118967814",
            "count": 0
        },
        {
            "id": "61554508958898",
            "count": 0
        },
        {
            "id": "61561467290888",
            "count": 0
        },
        {
            "id": "61561173330156",
            "count": 0
        },
        {
            "id": "100019514145181",
            "count": 0
        },
        {
            "id": "61572998365462",
            "count": 0
        },
        {
            "id": "61571105590053",
            "count": 0
        },
        {
            "id": "100076826815794",
            "count": 0
        },
        {
            "id": "61572465262666",
            "count": 0
        },
        {
            "id": "61565739221987",
            "count": 0
        },
        {
            "id": "61571033039665",
            "count": 0
        },
        {
            "id": "100089306142338",
            "count": 10
        },
        {
            "id": "61553475960109",
            "count": 0
        },
        {
            "id": "61563995732741",
            "count": 0
        },
        {
            "id": "61562619222753",
            "count": 0
        },
        {
            "id": "61571719432023",
            "count": 0
        },
        {
            "id": "61561778011155",
            "count": 0
        },
        {
            "id": "61572248140695",
            "count": 0
        },
        {
            "id": "61572456265869",
            "count": 0
        },
        {
            "id": "61557251661694",
            "count": 0
        },
        {
            "id": "61556089730032",
            "count": 10
        },
        {
            "id": "100075051725275",
            "count": 0
        },
        {
            "id": "100085254047551",
            "count": 0
        },
        {
            "id": "61573186522128",
            "count": 0
        },
        {
            "id": "61563070361488",
            "count": 0
        },
        {
            "id": "61569561804725",
            "count": 0
        },
        {
            "id": "61560265371754",
            "count": 0
        },
        {
            "id": "100045939502634",
            "count": 0
        },
        {
            "id": "61571157088111",
            "count": 0
        },
        {
            "id": "61573757651476",
            "count": 0
        },
        {
            "id": "100000085252899",
            "count": 0
        },
        {
            "id": "61572318295852",
            "count": 0
        },
        {
            "id": "100087040082415",
            "count": 0
        },
        {
            "id": "61555999951226",
            "count": 0
        },
        {
            "id": "61559892848105",
            "count": 0
        },
        {
            "id": "100016830788715",
            "count": 12
        },
        {
            "id": "100024338160763",
            "count": 0
        },
        {
            "id": "100090472077067",
            "count": 0
        },
        {
            "id": "61558173467697",
            "count": 0
        },
        {
            "id": "61573597515154",
            "count": 0
        },
        {
            "id": "100070256431388",
            "count": 0
        },
        {
            "id": "100055379890168",
            "count": 0
        },
        {
            "id": "61555311206772",
            "count": 0
        },
        {
            "id": "100042349188187",
            "count": 30
        },
        {
            "id": "100057160524532",
            "count": 36
        },
        {
            "id": "100007894364916",
            "count": 0
        },
        {
            "id": "61573235134009",
            "count": 0
        },
        {
            "id": "61557229842315",
            "count": 2
        },
        {
            "id": "61557769401373",
            "count": 0
        },
        {
            "id": "61573738657716",
            "count": 0
        }
    ],
    "day": [
        {
            "id": "61571976292623",
            "count": 0
        },
        {
            "id": "100061593633936",
            "count": 44
        },
        {
            "id": "61570184360743",
            "count": 0
        },
        {
            "id": "100081265717856",
            "count": 0
        },
        {
            "id": "61559130452988",
            "count": 0
        },
        {
            "id": "61564084460428",
            "count": 0
        },
        {
            "id": "61551368713153",
            "count": 0
        },
        {
            "id": "100013591772326",
            "count": 0
        },
        {
            "id": "61563410281131",
            "count": 0
        },
        {
            "id": "100082887654898",
            "count": 0
        },
        {
            "id": "61572516115053",
            "count": 0
        },
        {
            "id": "61572787022305",
            "count": 0
        },
        {
            "id": "61565838472789",
            "count": 0
        },
        {
            "id": "61571668926638",
            "count": 0
        },
        {
            "id": "61571727063168",
            "count": 0
        },
        {
            "id": "61563482255080",
            "count": 0
        },
        {
            "id": "61572170966342",
            "count": 0
        },
        {
            "id": "61559885325365",
            "count": 0
        },
        {
            "id": "100092217360523",
            "count": 0
        },
        {
            "id": "61571242561741",
            "count": 0
        },
        {
            "id": "100088445867022",
            "count": 0
        },
        {
            "id": "61550796310469",
            "count": 0
        },
        {
            "id": "61571223823215",
            "count": 0
        },
        {
            "id": "61559562958759",
            "count": 0
        },
        {
            "id": "61562171441584",
            "count": 0
        },
        {
            "id": "100091994765339",
            "count": 0
        },
        {
            "id": "61565051556046",
            "count": 0
        },
        {
            "id": "61571402912635",
            "count": 0
        },
        {
            "id": "100089810132101",
            "count": 0
        },
        {
            "id": "61572460949832",
            "count": 0
        },
        {
            "id": "61571172711284",
            "count": 0
        },
        {
            "id": "61571220497166",
            "count": 0
        },
        {
            "id": "61572952821913",
            "count": 0
        },
        {
            "id": "61568316411800",
            "count": 0
        },
        {
            "id": "61551867159240",
            "count": 0
        },
        {
            "id": "100048831948308",
            "count": 0
        },
        {
            "id": "61570195751529",
            "count": 0
        },
        {
            "id": "61566186627328",
            "count": 0
        },
        {
            "id": "100065406794482",
            "count": 6
        },
        {
            "id": "61570125243748",
            "count": 0
        },
        {
            "id": "61563778085718",
            "count": 22
        },
        {
            "id": "61557431709114",
            "count": 0
        },
        {
            "id": "61571821547682",
            "count": 0
        },
        {
            "id": "100087455661483",
            "count": 0
        },
        {
            "id": "61551104604046",
            "count": 2
        },
        {
            "id": "61561032810020",
            "count": 0
        },
        {
            "id": "100091755340799",
            "count": 0
        },
        {
            "id": "100087995264857",
            "count": 0
        },
        {
            "id": "61559722304646",
            "count": 0
        },
        {
            "id": "61570199439444",
            "count": 0
        },
        {
            "id": "100090770142939",
            "count": 0
        },
        {
            "id": "61568586115132",
            "count": 0
        },
        {
            "id": "61557158224666",
            "count": 0
        },
        {
            "id": "61562915775836",
            "count": 0
        },
        {
            "id": "61566125303025",
            "count": 0
        },
        {
            "id": "61572926259617",
            "count": 0
        },
        {
            "id": "61573137811379",
            "count": 0
        },
        {
            "id": "100011078118299",
            "count": 0
        },
        {
            "id": "61571220329515",
            "count": 0
        },
        {
            "id": "61573760470772",
            "count": 0
        },
        {
            "id": "61573172367926",
            "count": 0
        },
        {
            "id": "61573811001932",
            "count": 10
        },
        {
            "id": "61554762441191",
            "count": 0
        },
        {
            "id": "61552088190782",
            "count": 0
        },
        {
            "id": "61552302385112",
            "count": 0
        },
        {
            "id": "61562653271115",
            "count": 0
        },
        {
            "id": "61573118967814",
            "count": 0
        },
        {
            "id": "61554508958898",
            "count": 0
        },
        {
            "id": "61561467290888",
            "count": 0
        },
        {
            "id": "61561173330156",
            "count": 0
        },
        {
            "id": "100019514145181",
            "count": 0
        },
        {
            "id": "61572998365462",
            "count": 0
        },
        {
            "id": "61571105590053",
            "count": 0
        },
        {
            "id": "100076826815794",
            "count": 0
        },
        {
            "id": "61572465262666",
            "count": 0
        },
        {
            "id": "61565739221987",
            "count": 0
        },
        {
            "id": "61571033039665",
            "count": 0
        },
        {
            "id": "100089306142338",
            "count": 10
        },
        {
            "id": "61553475960109",
            "count": 0
        },
        {
            "id": "61563995732741",
            "count": 0
        },
        {
            "id": "61562619222753",
            "count": 0
        },
        {
            "id": "61571719432023",
            "count": 0
        },
        {
            "id": "61561778011155",
            "count": 0
        },
        {
            "id": "61572248140695",
            "count": 0
        },
        {
            "id": "61572456265869",
            "count": 0
        },
        {
            "id": "61557251661694",
            "count": 0
        },
        {
            "id": "61556089730032",
            "count": 10
        },
        {
            "id": "100075051725275",
            "count": 0
        },
        {
            "id": "100085254047551",
            "count": 0
        },
        {
            "id": "61573186522128",
            "count": 0
        },
        {
            "id": "61563070361488",
            "count": 0
        },
        {
            "id": "61569561804725",
            "count": 0
        },
        {
            "id": "61560265371754",
            "count": 0
        },
        {
            "id": "100045939502634",
            "count": 0
        },
        {
            "id": "61571157088111",
            "count": 0
        },
        {
            "id": "61573757651476",
            "count": 0
        },
        {
            "id": "100000085252899",
            "count": 0
        },
        {
            "id": "61572318295852",
            "count": 0
        },
        {
            "id": "100087040082415",
            "count": 0
        },
        {
            "id": "61555999951226",
            "count": 0
        },
        {
            "id": "61559892848105",
            "count": 0
        },
        {
            "id": "100016830788715",
            "count": 12
        },
        {
            "id": "100024338160763",
            "count": 0
        },
        {
            "id": "100090472077067",
            "count": 0
        },
        {
            "id": "61558173467697",
            "count": 0
        },
        {
            "id": "61573597515154",
            "count": 0
        },
        {
            "id": "100070256431388",
            "count": 0
        },
        {
            "id": "100055379890168",
            "count": 0
        },
        {
            "id": "61555311206772",
            "count": 0
        },
        {
            "id": "100042349188187",
            "count": 30
        },
        {
            "id": "100057160524532",
            "count": 36
        },
        {
            "id": "100007894364916",
            "count": 0
        },
        {
            "id": "61573235134009",
            "count": 0
        },
        {
            "id": "61557229842315",
            "count": 2
        },
        {
            "id": "61557769401373",
            "count": 0
        },
        {
            "id": "61573738657716",
            "count": 0
        }
    ],
    "time": 3,
    "last": {
        "time": 3,
        "day": [
            {
                "id": "61571976292623",
                "count": 0
            },
            {
                "id": "100061593633936",
                "count": 0
            },
            {
                "id": "61570184360743",
                "count": 0
            },
            {
                "id": "100081265717856",
                "count": 0
            },
            {
                "id": "61559130452988",
                "count": 0
            },
            {
                "id": "61564084460428",
                "count": 0
            },
            {
                "id": "61551368713153",
                "count": 0
            },
            {
                "id": "100013591772326",
                "count": 0
            },
            {
                "id": "61563410281131",
                "count": 0
            },
            {
                "id": "100082887654898",
                "count": 0
            },
            {
                "id": "61572516115053",
                "count": 0
            },
            {
                "id": "61572787022305",
                "count": 0
            },
            {
                "id": "61565838472789",
                "count": 0
            },
            {
                "id": "61571668926638",
                "count": 0
            },
            {
                "id": "61571727063168",
                "count": 0
            },
            {
                "id": "61563482255080",
                "count": 0
            },
            {
                "id": "61572170966342",
                "count": 0
            },
            {
                "id": "61559885325365",
                "count": 0
            },
            {
                "id": "100092217360523",
                "count": 0
            },
            {
                "id": "61571242561741",
                "count": 0
            },
            {
                "id": "100088445867022",
                "count": 0
            },
            {
                "id": "61550796310469",
                "count": 0
            },
            {
                "id": "61571223823215",
                "count": 0
            },
            {
                "id": "61559562958759",
                "count": 0
            },
            {
                "id": "61562171441584",
                "count": 0
            },
            {
                "id": "100091994765339",
                "count": 0
            },
            {
                "id": "61565051556046",
                "count": 0
            },
            {
                "id": "61571402912635",
                "count": 0
            },
            {
                "id": "100089810132101",
                "count": 0
            },
            {
                "id": "61572460949832",
                "count": 0
            },
            {
                "id": "61571172711284",
                "count": 0
            },
            {
                "id": "61571220497166",
                "count": 0
            },
            {
                "id": "61572952821913",
                "count": 0
            },
            {
                "id": "61568316411800",
                "count": 0
            },
            {
                "id": "61551867159240",
                "count": 0
            },
            {
                "id": "100048831948308",
                "count": 0
            },
            {
                "id": "61570195751529",
                "count": 0
            },
            {
                "id": "61566186627328",
                "count": 0
            },
            {
                "id": "100065406794482",
                "count": 0
            },
            {
                "id": "61570125243748",
                "count": 0
            },
            {
                "id": "61563778085718",
                "count": 0
            },
            {
                "id": "61557431709114",
                "count": 0
            },
            {
                "id": "61571821547682",
                "count": 0
            },
            {
                "id": "100087455661483",
                "count": 0
            },
            {
                "id": "61551104604046",
                "count": 0
            },
            {
                "id": "61561032810020",
                "count": 0
            },
            {
                "id": "100091755340799",
                "count": 0
            },
            {
                "id": "100087995264857",
                "count": 0
            },
            {
                "id": "61559722304646",
                "count": 0
            },
            {
                "id": "61570199439444",
                "count": 0
            },
            {
                "id": "100090770142939",
                "count": 0
            },
            {
                "id": "61568586115132",
                "count": 0
            },
            {
                "id": "61557158224666",
                "count": 0
            },
            {
                "id": "61562915775836",
                "count": 0
            },
            {
                "id": "61566125303025",
                "count": 0
            },
            {
                "id": "61572926259617",
                "count": 0
            },
            {
                "id": "61573137811379",
                "count": 0
            },
            {
                "id": "100011078118299",
                "count": 0
            },
            {
                "id": "61571220329515",
                "count": 0
            },
            {
                "id": "61573760470772",
                "count": 0
            },
            {
                "id": "61573172367926",
                "count": 0
            },
            {
                "id": "61573811001932",
                "count": 0
            },
            {
                "id": "61554762441191",
                "count": 0
            },
            {
                "id": "61552088190782",
                "count": 0
            },
            {
                "id": "61552302385112",
                "count": 0
            },
            {
                "id": "61562653271115",
                "count": 0
            },
            {
                "id": "61573118967814",
                "count": 0
            },
            {
                "id": "61554508958898",
                "count": 0
            },
            {
                "id": "61561467290888",
                "count": 0
            },
            {
                "id": "61561173330156",
                "count": 0
            },
            {
                "id": "100019514145181",
                "count": 0
            },
            {
                "id": "61572998365462",
                "count": 0
            },
            {
                "id": "61571105590053",
                "count": 0
            },
            {
                "id": "100076826815794",
                "count": 0
            },
            {
                "id": "61572465262666",
                "count": 0
            },
            {
                "id": "61565739221987",
                "count": 0
            },
            {
                "id": "61571033039665",
                "count": 0
            },
            {
                "id": "100089306142338",
                "count": 0
            },
            {
                "id": "61553475960109",
                "count": 0
            },
            {
                "id": "61563995732741",
                "count": 0
            },
            {
                "id": "61562619222753",
                "count": 0
            },
            {
                "id": "61571719432023",
                "count": 0
            },
            {
                "id": "61561778011155",
                "count": 0
            },
            {
                "id": "61572248140695",
                "count": 0
            },
            {
                "id": "61572456265869",
                "count": 0
            },
            {
                "id": "61557251661694",
                "count": 0
            },
            {
                "id": "61556089730032",
                "count": 0
            },
            {
                "id": "100075051725275",
                "count": 0
            },
            {
                "id": "100085254047551",
                "count": 0
            },
            {
                "id": "61573186522128",
                "count": 0
            },
            {
                "id": "61563070361488",
                "count": 0
            },
            {
                "id": "61569561804725",
                "count": 0
            },
            {
                "id": "61560265371754",
                "count": 0
            },
            {
                "id": "100045939502634",
                "count": 0
            },
            {
                "id": "61571157088111",
                "count": 0
            },
            {
                "id": "61573757651476",
                "count": 0
            },
            {
                "id": "100000085252899",
                "count": 0
            },
            {
                "id": "61572318295852",
                "count": 0
            },
            {
                "id": "100087040082415",
                "count": 0
            },
            {
                "id": "61555999951226",
                "count": 0
            },
            {
                "id": "61559892848105",
                "count": 0
            },
            {
                "id": "100016830788715",
                "count": 0
            },
            {
                "id": "100024338160763",
                "count": 0
            },
            {
                "id": "100090472077067",
                "count": 0
            },
            {
                "id": "61558173467697",
                "count": 0
            },
            {
                "id": "61573597515154",
                "count": 0
            },
            {
                "id": "100070256431388",
                "count": 0
            },
            {
                "id": "100055379890168",
                "count": 0
            },
            {
                "id": "61555311206772",
                "count": 0
            },
            {
                "id": "100042349188187",
                "count": 0
            },
            {
                "id": "100057160524532",
                "count": 0
            },
            {
                "id": "100007894364916",
                "count": 0
            },
            {
                "id": "61573235134009",
                "count": 0
            },
            {
                "id": "61557229842315",
                "count": 0
            },
            {
                "id": "61557769401373",
                "count": 0
            },
            {
                "id": "61573738657716",
                "count": 0
            }
        ],
        "week": [
            {
                "id": "61571976292623",
                "count": 0
            },
            {
                "id": "100061593633936",
                "count": 0
            },
            {
                "id": "61570184360743",
                "count": 0
            },
            {
                "id": "100081265717856",
                "count": 0
            },
            {
                "id": "61559130452988",
                "count": 0
            },
            {
                "id": "61564084460428",
                "count": 0
            },
            {
                "id": "61551368713153",
                "count": 0
            },
            {
                "id": "100013591772326",
                "count": 0
            },
            {
                "id": "61563410281131",
                "count": 0
            },
            {
                "id": "100082887654898",
                "count": 0
            },
            {
                "id": "61572516115053",
                "count": 0
            },
            {
                "id": "61572787022305",
                "count": 0
            },
            {
                "id": "61565838472789",
                "count": 0
            },
            {
                "id": "61571668926638",
                "count": 0
            },
            {
                "id": "61571727063168",
                "count": 0
            },
            {
                "id": "61563482255080",
                "count": 0
            },
            {
                "id": "61572170966342",
                "count": 0
            },
            {
                "id": "61559885325365",
                "count": 0
            },
            {
                "id": "100092217360523",
                "count": 0
            },
            {
                "id": "61571242561741",
                "count": 0
            },
            {
                "id": "100088445867022",
                "count": 0
            },
            {
                "id": "61550796310469",
                "count": 0
            },
            {
                "id": "61571223823215",
                "count": 0
            },
            {
                "id": "61559562958759",
                "count": 0
            },
            {
                "id": "61562171441584",
                "count": 0
            },
            {
                "id": "100091994765339",
                "count": 0
            },
            {
                "id": "61565051556046",
                "count": 0
            },
            {
                "id": "61571402912635",
                "count": 0
            },
            {
                "id": "100089810132101",
                "count": 0
            },
            {
                "id": "61572460949832",
                "count": 0
            },
            {
                "id": "61571172711284",
                "count": 0
            },
            {
                "id": "61571220497166",
                "count": 0
            },
            {
                "id": "61572952821913",
                "count": 0
            },
            {
                "id": "61568316411800",
                "count": 0
            },
            {
                "id": "61551867159240",
                "count": 0
            },
            {
                "id": "100048831948308",
                "count": 0
            },
            {
                "id": "61570195751529",
                "count": 0
            },
            {
                "id": "61566186627328",
                "count": 0
            },
            {
                "id": "100065406794482",
                "count": 0
            },
            {
                "id": "61570125243748",
                "count": 0
            },
            {
                "id": "61563778085718",
                "count": 0
            },
            {
                "id": "61557431709114",
                "count": 0
            },
            {
                "id": "61571821547682",
                "count": 0
            },
            {
                "id": "100087455661483",
                "count": 0
            },
            {
                "id": "61551104604046",
                "count": 0
            },
            {
                "id": "61561032810020",
                "count": 0
            },
            {
                "id": "100091755340799",
                "count": 0
            },
            {
                "id": "100087995264857",
                "count": 0
            },
            {
                "id": "61559722304646",
                "count": 0
            },
            {
                "id": "61570199439444",
                "count": 0
            },
            {
                "id": "100090770142939",
                "count": 0
            },
            {
                "id": "61568586115132",
                "count": 0
            },
            {
                "id": "61557158224666",
                "count": 0
            },
            {
                "id": "61562915775836",
                "count": 0
            },
            {
                "id": "61566125303025",
                "count": 0
            },
            {
                "id": "61572926259617",
                "count": 0
            },
            {
                "id": "61573137811379",
                "count": 0
            },
            {
                "id": "100011078118299",
                "count": 0
            },
            {
                "id": "61571220329515",
                "count": 0
            },
            {
                "id": "61573760470772",
                "count": 0
            },
            {
                "id": "61573172367926",
                "count": 0
            },
            {
                "id": "61573811001932",
                "count": 0
            },
            {
                "id": "61554762441191",
                "count": 0
            },
            {
                "id": "61552088190782",
                "count": 0
            },
            {
                "id": "61552302385112",
                "count": 0
            },
            {
                "id": "61562653271115",
                "count": 0
            },
            {
                "id": "61573118967814",
                "count": 0
            },
            {
                "id": "61554508958898",
                "count": 0
            },
            {
                "id": "61561467290888",
                "count": 0
            },
            {
                "id": "61561173330156",
                "count": 0
            },
            {
                "id": "100019514145181",
                "count": 0
            },
            {
                "id": "61572998365462",
                "count": 0
            },
            {
                "id": "61571105590053",
                "count": 0
            },
            {
                "id": "100076826815794",
                "count": 0
            },
            {
                "id": "61572465262666",
                "count": 0
            },
            {
                "id": "61565739221987",
                "count": 0
            },
            {
                "id": "61571033039665",
                "count": 0
            },
            {
                "id": "100089306142338",
                "count": 0
            },
            {
                "id": "61553475960109",
                "count": 0
            },
            {
                "id": "61563995732741",
                "count": 0
            },
            {
                "id": "61562619222753",
                "count": 0
            },
            {
                "id": "61571719432023",
                "count": 0
            },
            {
                "id": "61561778011155",
                "count": 0
            },
            {
                "id": "61572248140695",
                "count": 0
            },
            {
                "id": "61572456265869",
                "count": 0
            },
            {
                "id": "61557251661694",
                "count": 0
            },
            {
                "id": "61556089730032",
                "count": 0
            },
            {
                "id": "100075051725275",
                "count": 0
            },
            {
                "id": "100085254047551",
                "count": 0
            },
            {
                "id": "61573186522128",
                "count": 0
            },
            {
                "id": "61563070361488",
                "count": 0
            },
            {
                "id": "61569561804725",
                "count": 0
            },
            {
                "id": "61560265371754",
                "count": 0
            },
            {
                "id": "100045939502634",
                "count": 0
            },
            {
                "id": "61571157088111",
                "count": 0
            },
            {
                "id": "61573757651476",
                "count": 0
            },
            {
                "id": "100000085252899",
                "count": 0
            },
            {
                "id": "61572318295852",
                "count": 0
            },
            {
                "id": "100087040082415",
                "count": 0
            },
            {
                "id": "61555999951226",
                "count": 0
            },
            {
                "id": "61559892848105",
                "count": 0
            },
            {
                "id": "100016830788715",
                "count": 0
            },
            {
                "id": "100024338160763",
                "count": 0
            },
            {
                "id": "100090472077067",
                "count": 0
            },
            {
                "id": "61558173467697",
                "count": 0
            },
            {
                "id": "61573597515154",
                "count": 0
            },
            {
                "id": "100070256431388",
                "count": 0
            },
            {
                "id": "100055379890168",
                "count": 0
            },
            {
                "id": "61555311206772",
                "count": 0
            },
            {
                "id": "100042349188187",
                "count": 0
            },
            {
                "id": "100057160524532",
                "count": 0
            },
            {
                "id": "100007894364916",
                "count": 0
            },
            {
                "id": "61573235134009",
                "count": 0
            },
            {
                "id": "61557229842315",
                "count": 0
            },
            {
                "id": "61557769401373",
                "count": 0
            },
            {
                "id": "61573738657716",
                "count": 0
            }
        ]
    }
}