{
    "total": [
        {
            "id": "100052799014758",
            "count": 0
        },
        {
            "id": "100003761494576",
            "count": 0
        },
        {
            "id": "100014858193492",
            "count": 0
        },
        {
            "id": "100045802030431",
            "count": 0
        },
        {
            "id": "100015847117146",
            "count": 0
        },
        {
            "id": "100049644332597",
            "count": 0
        },
        {
            "id": "61557481964320",
            "count": 0
        },
        {
            "id": "100074307652010",
            "count": 0
        },
        {
            "id": "61558003268665",
            "count": 0
        },
        {
            "id": "100016690126537",
            "count": 0
        },
        {
            "id": "100094032343516",
            "count": 0
        },
        {
            "id": "100047225822036",
            "count": 0
        },
        {
            "id": "100052086669499",
            "count": 0
        },
        {
            "id": "100078510582967",
            "count": 0
        },
        {
            "id": "100031270878769",
            "count": 0
        },
        {
            "id": "100013363210520",
            "count": 0
        },
        {
            "id": "100082629796610",
            "count": 0
        },
        {
            "id": "61558912954833",
            "count": 0
        },
        {
            "id": "100025686931759",
            "count": 0
        },
        {
            "id": "100026333091153",
            "count": 0
        },
        {
            "id": "100037705564714",
            "count": 0
        },
        {
            "id": "100034500045639",
            "count": 0
        },
        {
            "id": "100048451142194",
            "count": 0
        },
        {
            "id": "61559912576384",
            "count": 0
        },
        {
            "id": "100013384479798",
            "count": 0
        },
        {
            "id": "100003099162406",
            "count": 0
        },
        {
            "id": "100058371427061",
            "count": 0
        },
        {
            "id": "100068505641328",
            "count": 0
        },
        {
            "id": "61556796642213",
            "count": 0
        },
        {
            "id": "61567181097397",
            "count": 0
        },
        {
            "id": "100071075273965",
            "count": 0
        },
        {
            "id": "100079094120485",
            "count": 0
        },
        {
            "id": "100053912251786",
            "count": 0
        },
        {
            "id": "100022322599981",
            "count": 0
        },
        {
            "id": "100091588279009",
            "count": 0
        },
        {
            "id": "100051490565616",
            "count": 0
        },
        {
            "id": "100033556746363",
            "count": 0
        },
        {
            "id": "100069563393749",
            "count": 0
        },
        {
            "id": "100080980083354",
            "count": 0
        },
        {
            "id": "61572834074956",
            "count": 0
        },
        {
            "id": "61573691226614",
            "count": 0
        },
        {
            "id": "100034144836882",
            "count": 0
        },
        {
            "id": "61556832358803",
            "count": 0
        },
        {
            "id": "100033979397151",
            "count": 0
        },
        {
            "id": "100092007086855",
            "count": 0
        },
        {
            "id": "100080905025230",
            "count": 0
        },
        {
            "id": "100050928203189",
            "count": 0
        },
        {
            "id": "100022662372752",
            "count": 0
        },
        {
            "id": "100068448855304",
            "count": 0
        },
        {
            "id": "61568637748802",
            "count": 0
        },
        {
            "id": "61574600253983",
            "count": 0
        },
        {
            "id": "61567214255241",
            "count": 0
        },
        {
            "id": "61574500754310",
            "count": 0
        },
        {
            "id": "61574484224674",
            "count": 0
        },
        {
            "id": "100081453612533",
            "count": 0
        },
        {
            "id": "61574905740182",
            "count": 0
        },
        {
            "id": "61574954092654",
            "count": 0
        },
        {
            "id": "61561468391113",
            "count": 0
        },
        {
            "id": "100010359846711",
            "count": 0
        },
        {
            "id": "100088750675307",
            "count": 0
        },
        {
            "id": "100049154678939",
            "count": 0
        },
        {
            "id": "61569514366424",
            "count": 0
        },
        {
            "id": "100084169103927",
            "count": 0
        },
        {
            "id": "61552960137088",
            "count": 0
        },
        {
            "id": "100084130880570",
            "count": 0
        },
        {
            "id": "100053415498118",
            "count": 0
        },
        {
            "id": "100076452293780",
            "count": 0
        },
        {
            "id": "100095028263041",
            "count": 0
        },
        {
            "id": "61565954700256",
            "count": 0
        },
        {
            "id": "61574793183474",
            "count": 0
        },
        {
            "id": "61574749928712",
            "count": 0
        },
        {
            "id": "100022338485629",
            "count": 1
        },
        {
            "id": "100026657414074",
            "count": 0
        },
        {
            "id": "100079864373252",
            "count": 0
        },
        {
            "id": "61562171011947",
            "count": 0
        }
    ],
    "week": [
        {
            "id": "100052799014758",
            "count": 0
        },
        {
            "id": "100003761494576",
            "count": 0
        },
        {
            "id": "100014858193492",
            "count": 0
        },
        {
            "id": "100045802030431",
            "count": 0
        },
        {
            "id": "100015847117146",
            "count": 0
        },
        {
            "id": "100049644332597",
            "count": 0
        },
        {
            "id": "61557481964320",
            "count": 0
        },
        {
            "id": "100074307652010",
            "count": 0
        },
        {
            "id": "61558003268665",
            "count": 0
        },
        {
            "id": "100016690126537",
            "count": 0
        },
        {
            "id": "100094032343516",
            "count": 0
        },
        {
            "id": "100047225822036",
            "count": 0
        },
        {
            "id": "100052086669499",
            "count": 0
        },
        {
            "id": "100078510582967",
            "count": 0
        },
        {
            "id": "100031270878769",
            "count": 0
        },
        {
            "id": "100013363210520",
            "count": 0
        },
        {
            "id": "100082629796610",
            "count": 0
        },
        {
            "id": "61558912954833",
            "count": 0
        },
        {
            "id": "100025686931759",
            "count": 0
        },
        {
            "id": "100026333091153",
            "count": 0
        },
        {
            "id": "100037705564714",
            "count": 0
        },
        {
            "id": "100034500045639",
            "count": 0
        },
        {
            "id": "100048451142194",
            "count": 0
        },
        {
            "id": "61559912576384",
            "count": 0
        },
        {
            "id": "100013384479798",
            "count": 0
        },
        {
            "id": "100003099162406",
            "count": 0
        },
        {
            "id": "100058371427061",
            "count": 0
        },
        {
            "id": "100068505641328",
            "count": 0
        },
        {
            "id": "61556796642213",
            "count": 0
        },
        {
            "id": "61567181097397",
            "count": 0
        },
        {
            "id": "100071075273965",
            "count": 0
        },
        {
            "id": "100079094120485",
            "count": 0
        },
        {
            "id": "100053912251786",
            "count": 0
        },
        {
            "id": "100022322599981",
            "count": 0
        },
        {
            "id": "100091588279009",
            "count": 0
        },
        {
            "id": "100051490565616",
            "count": 0
        },
        {
            "id": "100033556746363",
            "count": 0
        },
        {
            "id": "100069563393749",
            "count": 0
        },
        {
            "id": "100080980083354",
            "count": 0
        },
        {
            "id": "61572834074956",
            "count": 0
        },
        {
            "id": "61573691226614",
            "count": 0
        },
        {
            "id": "100034144836882",
            "count": 0
        },
        {
            "id": "61556832358803",
            "count": 0
        },
        {
            "id": "100033979397151",
            "count": 0
        },
        {
            "id": "100092007086855",
            "count": 0
        },
        {
            "id": "100080905025230",
            "count": 0
        },
        {
            "id": "100050928203189",
            "count": 0
        },
        {
            "id": "100022662372752",
            "count": 0
        },
        {
            "id": "100068448855304",
            "count": 0
        },
        {
            "id": "61568637748802",
            "count": 0
        },
        {
            "id": "61574600253983",
            "count": 0
        },
        {
            "id": "61567214255241",
            "count": 0
        },
        {
            "id": "61574500754310",
            "count": 0
        },
        {
            "id": "61574484224674",
            "count": 0
        },
        {
            "id": "100081453612533",
            "count": 0
        },
        {
            "id": "61574905740182",
            "count": 0
        },
        {
            "id": "61574954092654",
            "count": 0
        },
        {
            "id": "61561468391113",
            "count": 0
        },
        {
            "id": "100010359846711",
            "count": 0
        },
        {
            "id": "100088750675307",
            "count": 0
        },
        {
            "id": "100049154678939",
            "count": 0
        },
        {
            "id": "61569514366424",
            "count": 0
        },
        {
            "id": "100084169103927",
            "count": 0
        },
        {
            "id": "61552960137088",
            "count": 0
        },
        {
            "id": "100084130880570",
            "count": 0
        },
        {
            "id": "100053415498118",
            "count": 0
        },
        {
            "id": "100076452293780",
            "count": 0
        },
        {
            "id": "100095028263041",
            "count": 0
        },
        {
            "id": "61565954700256",
            "count": 0
        },
        {
            "id": "61574793183474",
            "count": 0
        },
        {
            "id": "61574749928712",
            "count": 0
        },
        {
            "id": "100022338485629",
            "count": 1
        },
        {
            "id": "100026657414074",
            "count": 0
        },
        {
            "id": "100079864373252",
            "count": 0
        },
        {
            "id": "61562171011947",
            "count": 0
        }
    ],
    "day": [
        {
            "id": "100052799014758",
            "count": 0,
            "name": "Abdou Zouaoui"
        },
        {
            "id": "100003761494576",
            "count": 0,
            "name": "هيرو"
        },
        {
            "id": "100014858193492",
            "count": 0,
            "name": "Wassim Wassim"
        },
        {
            "id": "100045802030431",
            "count": 0,
            "name": "Sami Sami"
        },
        {
            "id": "100015847117146",
            "count": 0,
            "name": "Karim Tefahi"
        },
        {
            "id": "100049644332597",
            "count": 0,
            "name": "Người dùng facebook"
        },
        {
            "id": "61557481964320",
            "count": 0,
            "name": "Itz Joe"
        },
        {
            "id": "100074307652010",
            "count": 0,
            "name": "داوُد الجزائري"
        },
        {
            "id": "61558003268665",
            "count": 0,
            "name": "ᎷᏫᎻ ᎯᎷᎯᎠ"
        },
        {
            "id": "100016690126537",
            "count": 0,
            "name": "Raijinov San"
        },
        {
            "id": "100094032343516",
            "count": 0,
            "name": "Người dùng facebook"
        },
        {
            "id": "100047225822036",
            "count": 0,
            "name": "Оба Хана"
        },
        {
            "id": "100052086669499",
            "count": 0,
            "name": "خالد مختار"
        },
        {
            "id": "100078510582967",
            "count": 0,
            "name": "Бы Заки"
        },
        {
            "id": "100031270878769",
            "count": 0,
            "name": "Zed Amir"
        },
        {
            "id": "100013363210520",
            "count": 0,
            "name": "Osama Mohammed"
        },
        {
            "id": "100082629796610",
            "count": 0,
            "name": "Người dùng facebook"
        },
        {
            "id": "61558912954833",
            "count": 0,
            "name": "Người dùng facebook"
        },
        {
            "id": "100025686931759",
            "count": 0,
            "name": "سالم سايحي"
        },
        {
            "id": "100026333091153",
            "count": 0,
            "name": "Hani Benamara"
        },
        {
            "id": "100037705564714",
            "count": 0,
            "name": "خطيئة الحياة"
        },
        {
            "id": "100034500045639",
            "count": 0,
            "name": "SSâd Bøy"
        },
        {
            "id": "100048451142194",
            "count": 0,
            "name": "Zeref Dragneel"
        },
        {
            "id": "61559912576384",
            "count": 0,
            "name": "نذير فراس"
        },
        {
            "id": "100013384479798",
            "count": 0,
            "name": "Người dùng facebook"
        },
        {
            "id": "100003099162406",
            "count": 0,
            "name": "이강산"
        },
        {
            "id": "100058371427061",
            "count": 0,
            "name": "Kas Sam"
        },
        {
            "id": "100068505641328",
            "count": 0,
            "name": "Yahia Lebdani"
        },
        {
            "id": "61556796642213",
            "count": 0,
            "name": "Người dùng facebook"
        },
        {
            "id": "61567181097397",
            "count": 0,
            "name": "القروي العشوائي"
        },
        {
            "id": "100071075273965",
            "count": 0,
            "name": "Mohammed Isterbitel"
        },
        {
            "id": "100079094120485",
            "count": 0,
            "name": "Mohammed Al-ahwel"
        },
        {
            "id": "100053912251786",
            "count": 0,
            "name": "Billal ZR"
        },
        {
            "id": "100022322599981",
            "count": 0,
            "name": "Dzmitry Lebendzinski"
        },
        {
            "id": "100091588279009",
            "count": 0,
            "name": "El-hassen El-kheir"
        },
        {
            "id": "100051490565616",
            "count": 0,
            "name": "Bahaa Ber"
        },
        {
            "id": "100033556746363",
            "count": 0,
            "name": "Ãŷø Ûb 🥷🏻🪽󰟵"
        },
        {
            "id": "100069563393749",
            "count": 0,
            "name": "A Rudimentary Implant"
        },
        {
            "id": "100080980083354",
            "count": 0,
            "name": "Abdelghani Dreder"
        },
        {
            "id": "61572834074956",
            "count": 0,
            "name": "Người dùng facebook"
        },
        {
            "id": "61573691226614",
            "count": 0,
            "name": "Người dùng facebook"
        },
        {
            "id": "100034144836882",
            "count": 0,
            "name": "Yass Ine 🥷🏻🪽󱢏"
        },
        {
            "id": "61556832358803",
            "count": 0,
            "name": "Human Yess"
        },
        {
            "id": "100033979397151",
            "count": 0,
            "name": "Ramzi Hammoudi"
        },
        {
            "id": "100092007086855",
            "count": 0,
            "name": "Mhdy KD"
        },
        {
            "id": "100080905025230",
            "count": 0,
            "name": "Abd Nour"
        },
        {
            "id": "100050928203189",
            "count": 0,
            "name": "Youcef Dattebayo"
        },
        {
            "id": "100022662372752",
            "count": 0,
            "name": "Rafik Akroum"
        },
        {
            "id": "100068448855304",
            "count": 0,
            "name": "Akram Bereche"
        },
        {
            "id": "61568637748802",
            "count": 0,
            "name": "رئيس الجمهورية عبد المجيد تبون"
        },
        {
            "id": "61574600253983",
            "count": 0,
            "name": "Người dùng facebook"
        },
        {
            "id": "61567214255241",
            "count": 0,
            "name": "Người dùng facebook"
        },
        {
            "id": "61574500754310",
            "count": 0,
            "name": "Người dùng facebook"
        },
        {
            "id": "61574484224674",
            "count": 0,
            "name": "Người dùng facebook"
        },
        {
            "id": "100081453612533",
            "count": 0,
            "name": "Mohamed Haitam"
        },
        {
            "id": "61574905740182",
            "count": 0,
            "name": "Zaki EL  🥷🏻🪽"
        },
        {
            "id": "61574954092654",
            "count": 0,
            "name": "دركي مغوار"
        },
        {
            "id": "61561468391113",
            "count": 0,
            "name": "عبد المجيد تبون"
        },
        {
            "id": "100010359846711",
            "count": 0,
            "name": "شرطة لعلمية"
        },
        {
            "id": "100088750675307",
            "count": 0,
            "name": "شنقريحة شنقريحة"
        },
        {
            "id": "100049154678939",
            "count": 0,
            "name": "او يحيا"
        },
        {
            "id": "61569514366424",
            "count": 0,
            "name": "وزير التربية الجزائرية"
        },
        {
            "id": "100084169103927",
            "count": 0,
            "name": "Soyer Tom"
        },
        {
            "id": "61552960137088",
            "count": 0,
            "name": "هد 'ى"
        },
        {
            "id": "100084130880570",
            "count": 0,
            "name": "هد 'ى"
        },
        {
            "id": "100053415498118",
            "count": 0,
            "name": "El Mouad"
        },
        {
            "id": "100076452293780",
            "count": 0,
            "name": "Ahmed Sohil Otm"
        },
        {
            "id": "100095028263041",
            "count": 0,
            "name": "الكابدي الكابدي العابدي"
        },
        {
            "id": "61565954700256",
            "count": 0,
            "name": "دركي مغوار"
        },
        {
            "id": "61574793183474",
            "count": 0,
            "name": "Người dùng facebook"
        },
        {
            "id": "61574749928712",
            "count": 0,
            "name": "خديجة اخديجة"
        },
        {
            "id": "100022338485629",
            "count": 0,
            "name": "ۦۦ أنور ۦۦ"
        },
        {
            "id": "100026657414074",
            "count": 0,
            "name": "Abdelkader Hocine"
        },
        {
            "id": "100079864373252",
            "count": 0,
            "name": "Moh Abdo Dlt"
        },
        {
            "id": "61562171011947",
            "count": 0,
            "name": "Riyadh Msr IX"
        }
    ],
    "time": 6,
    "last": {
        "time": 1,
        "day": [
            {
                "id": "100052799014758",
                "count": 0
            },
            {
                "id": "100003761494576",
                "count": 0
            },
            {
                "id": "100014858193492",
                "count": 0
            },
            {
                "id": "100045802030431",
                "count": 0
            },
            {
                "id": "100015847117146",
                "count": 0
            },
            {
                "id": "100049644332597",
                "count": 0
            },
            {
                "id": "61557481964320",
                "count": 0
            },
            {
                "id": "100074307652010",
                "count": 0
            },
            {
                "id": "61558003268665",
                "count": 0
            },
            {
                "id": "100016690126537",
                "count": 0
            },
            {
                "id": "100094032343516",
                "count": 0
            },
            {
                "id": "100047225822036",
                "count": 0
            },
            {
                "id": "100052086669499",
                "count": 0
            },
            {
                "id": "100078510582967",
                "count": 0
            },
            {
                "id": "100031270878769",
                "count": 0
            },
            {
                "id": "100013363210520",
                "count": 0
            },
            {
                "id": "100082629796610",
                "count": 0
            },
            {
                "id": "61558912954833",
                "count": 0
            },
            {
                "id": "100025686931759",
                "count": 0
            },
            {
                "id": "100026333091153",
                "count": 0
            },
            {
                "id": "100037705564714",
                "count": 0
            },
            {
                "id": "100034500045639",
                "count": 0
            },
            {
                "id": "100048451142194",
                "count": 0
            },
            {
                "id": "61559912576384",
                "count": 0
            },
            {
                "id": "100013384479798",
                "count": 0
            },
            {
                "id": "100003099162406",
                "count": 0
            },
            {
                "id": "100058371427061",
                "count": 0
            },
            {
                "id": "100068505641328",
                "count": 0
            },
            {
                "id": "61556796642213",
                "count": 0
            },
            {
                "id": "61567181097397",
                "count": 0
            },
            {
                "id": "100071075273965",
                "count": 0
            },
            {
                "id": "100079094120485",
                "count": 0
            },
            {
                "id": "100053912251786",
                "count": 0
            },
            {
                "id": "100022322599981",
                "count": 0
            },
            {
                "id": "100091588279009",
                "count": 0
            },
            {
                "id": "100051490565616",
                "count": 0
            },
            {
                "id": "100033556746363",
                "count": 0
            },
            {
                "id": "100069563393749",
                "count": 0
            },
            {
                "id": "100080980083354",
                "count": 0
            },
            {
                "id": "61572834074956",
                "count": 0
            },
            {
                "id": "61573691226614",
                "count": 0
            },
            {
                "id": "100034144836882",
                "count": 0
            },
            {
                "id": "61556832358803",
                "count": 0
            },
            {
                "id": "100033979397151",
                "count": 0
            },
            {
                "id": "100092007086855",
                "count": 0
            },
            {
                "id": "100080905025230",
                "count": 0
            },
            {
                "id": "100050928203189",
                "count": 0
            },
            {
                "id": "100022662372752",
                "count": 0
            },
            {
                "id": "100068448855304",
                "count": 0
            },
            {
                "id": "61568637748802",
                "count": 0
            },
            {
                "id": "61574600253983",
                "count": 0
            },
            {
                "id": "61567214255241",
                "count": 0
            },
            {
                "id": "61574500754310",
                "count": 0
            },
            {
                "id": "61574484224674",
                "count": 0
            },
            {
                "id": "100081453612533",
                "count": 0
            },
            {
                "id": "61574905740182",
                "count": 0
            },
            {
                "id": "61574954092654",
                "count": 0
            },
            {
                "id": "61561468391113",
                "count": 0
            },
            {
                "id": "100010359846711",
                "count": 0
            },
            {
                "id": "100088750675307",
                "count": 0
            },
            {
                "id": "100049154678939",
                "count": 0
            },
            {
                "id": "61569514366424",
                "count": 0
            },
            {
                "id": "100084169103927",
                "count": 0
            },
            {
                "id": "61552960137088",
                "count": 0
            },
            {
                "id": "100084130880570",
                "count": 0
            },
            {
                "id": "100053415498118",
                "count": 0
            },
            {
                "id": "100076452293780",
                "count": 0
            },
            {
                "id": "100095028263041",
                "count": 0
            },
            {
                "id": "61565954700256",
                "count": 0
            },
            {
                "id": "61574793183474",
                "count": 0
            },
            {
                "id": "61574749928712",
                "count": 0
            },
            {
                "id": "100022338485629",
                "count": 0
            },
            {
                "id": "100026657414074",
                "count": 0
            },
            {
                "id": "100079864373252",
                "count": 0
            },
            {
                "id": "61562171011947",
                "count": 0
            }
        ],
        "week": [
            {
                "id": "100052799014758",
                "count": 0
            },
            {
                "id": "100003761494576",
                "count": 0
            },
            {
                "id": "100014858193492",
                "count": 0
            },
            {
                "id": "100045802030431",
                "count": 0
            },
            {
                "id": "100015847117146",
                "count": 0
            },
            {
                "id": "100049644332597",
                "count": 0
            },
            {
                "id": "61557481964320",
                "count": 0
            },
            {
                "id": "100074307652010",
                "count": 0
            },
            {
                "id": "61558003268665",
                "count": 0
            },
            {
                "id": "100016690126537",
                "count": 0
            },
            {
                "id": "100094032343516",
                "count": 0
            },
            {
                "id": "100047225822036",
                "count": 0
            },
            {
                "id": "100052086669499",
                "count": 0
            },
            {
                "id": "100078510582967",
                "count": 0
            },
            {
                "id": "100031270878769",
                "count": 0
            },
            {
                "id": "100013363210520",
                "count": 0
            },
            {
                "id": "100082629796610",
                "count": 0
            },
            {
                "id": "61558912954833",
                "count": 0
            },
            {
                "id": "100025686931759",
                "count": 0
            },
            {
                "id": "100026333091153",
                "count": 0
            },
            {
                "id": "100037705564714",
                "count": 0
            },
            {
                "id": "100034500045639",
                "count": 0
            },
            {
                "id": "100048451142194",
                "count": 0
            },
            {
                "id": "61559912576384",
                "count": 0
            },
            {
                "id": "100013384479798",
                "count": 0
            },
            {
                "id": "100003099162406",
                "count": 0
            },
            {
                "id": "100058371427061",
                "count": 0
            },
            {
                "id": "100068505641328",
                "count": 0
            },
            {
                "id": "61556796642213",
                "count": 0
            },
            {
                "id": "61567181097397",
                "count": 0
            },
            {
                "id": "100071075273965",
                "count": 0
            },
            {
                "id": "100079094120485",
                "count": 0
            },
            {
                "id": "100053912251786",
                "count": 0
            },
            {
                "id": "100022322599981",
                "count": 0
            },
            {
                "id": "100091588279009",
                "count": 0
            },
            {
                "id": "100051490565616",
                "count": 0
            },
            {
                "id": "100033556746363",
                "count": 0
            },
            {
                "id": "100069563393749",
                "count": 0
            },
            {
                "id": "100080980083354",
                "count": 0
            },
            {
                "id": "61572834074956",
                "count": 0
            },
            {
                "id": "61573691226614",
                "count": 0
            },
            {
                "id": "100034144836882",
                "count": 0
            },
            {
                "id": "61556832358803",
                "count": 0
            },
            {
                "id": "100033979397151",
                "count": 0
            },
            {
                "id": "100092007086855",
                "count": 0
            },
            {
                "id": "100080905025230",
                "count": 0
            },
            {
                "id": "100050928203189",
                "count": 0
            },
            {
                "id": "100022662372752",
                "count": 0
            },
            {
                "id": "100068448855304",
                "count": 0
            },
            {
                "id": "61568637748802",
                "count": 0
            },
            {
                "id": "61574600253983",
                "count": 0
            },
            {
                "id": "61567214255241",
                "count": 0
            },
            {
                "id": "61574500754310",
                "count": 0
            },
            {
                "id": "61574484224674",
                "count": 0
            },
            {
                "id": "100081453612533",
                "count": 0
            },
            {
                "id": "61574905740182",
                "count": 0
            },
            {
                "id": "61574954092654",
                "count": 0
            },
            {
                "id": "61561468391113",
                "count": 0
            },
            {
                "id": "100010359846711",
                "count": 0
            },
            {
                "id": "100088750675307",
                "count": 0
            },
            {
                "id": "100049154678939",
                "count": 0
            },
            {
                "id": "61569514366424",
                "count": 0
            },
            {
                "id": "100084169103927",
                "count": 0
            },
            {
                "id": "61552960137088",
                "count": 0
            },
            {
                "id": "100084130880570",
                "count": 0
            },
            {
                "id": "100053415498118",
                "count": 0
            },
            {
                "id": "100076452293780",
                "count": 0
            },
            {
                "id": "100095028263041",
                "count": 0
            },
            {
                "id": "61565954700256",
                "count": 0
            },
            {
                "id": "61574793183474",
                "count": 0
            },
            {
                "id": "61574749928712",
                "count": 0
            },
            {
                "id": "100022338485629",
                "count": 0
            },
            {
                "id": "100026657414074",
                "count": 0
            },
            {
                "id": "100079864373252",
                "count": 0
            },
            {
                "id": "61562171011947",
                "count": 0
            }
        ]
    }
}