{
    "total": [
        {
            "id": "100000582670858",
            "count": 15
        },
        {
            "id": "100044725279836",
            "count": 2
        },
        {
            "id": "61557054818160",
            "count": 0
        }
    ],
    "week": [
        {
            "id": "100000582670858",
            "count": 15
        },
        {
            "id": "100044725279836",
            "count": 2
        },
        {
            "id": "61557054818160",
            "count": 0
        }
    ],
    "day": [
        {
            "id": "100000582670858",
            "count": 0,
            "name": "ᎷᏫᎻ ᏤᎥᏢ"
        },
        {
            "id": "100044725279836",
            "count": 0,
            "name": "ᎷᏫᎻᎯ ᎷᎬᎠ"
        },
        {
            "id": "61557054818160",
            "count": 0,
            "name": "ᎿᎥᏞᎷᏁ ᏤᎥᏢ"
        }
    ],
    "time": 6,
    "last": {
        "time": 2,
        "day": [
            {
                "id": "100000582670858",
                "count": 0
            },
            {
                "id": "100044725279836",
                "count": 0
            },
            {
                "id": "61557054818160",
                "count": 0
            }
        ],
        "week": [
            {
                "id": "100000582670858",
                "count": 0
            },
            {
                "id": "100044725279836",
                "count": 0
            },
            {
                "id": "61557054818160",
                "count": 0
            }
        ]
    }
}