{
    "total": [
        {
            "id": "100090516824752",
            "count": 0
        },
        {
            "id": "61573432120030",
            "count": 0
        },
        {
            "id": "61574490941045",
            "count": 0
        },
        {
            "id": "61574575087437",
            "count": 0
        },
        {
            "id": "61572793317251",
            "count": 0
        },
        {
            "id": "61557194519902",
            "count": 0
        },
        {
            "id": "61573502223362",
            "count": 0
        },
        {
            "id": "61565492579070",
            "count": 0
        },
        {
            "id": "100085666955529",
            "count": 0
        },
        {
            "id": "100000998242274",
            "count": 0
        },
        {
            "id": "100081022571610",
            "count": 0
        },
        {
            "id": "100078845411143",
            "count": 0
        },
        {
            "id": "61557674969783",
            "count": 0
        },
        {
            "id": "100082631832134",
            "count": 0
        },
        {
            "id": "100054248857516",
            "count": 0
        },
        {
            "id": "61561237464133",
            "count": 0
        },
        {
            "id": "61563342511191",
            "count": 0
        },
        {
            "id": "61573074004932",
            "count": 0
        },
        {
            "id": "61574013843234",
            "count": 0
        },
        {
            "id": "61558242083449",
            "count": 0
        },
        {
            "id": "100016830788715",
            "count": 71
        },
        {
            "id": "100093440923797",
            "count": 4
        },
        {
            "id": "61575157310645",
            "count": 12
        },
        {
            "id": "100076269693499",
            "count": 0
        },
        {
            "id": "61560897338944",
            "count": 0
        },
        {
            "id": "61572518112142",
            "count": 0
        },
        {
            "id": "61571901226880",
            "count": 0
        },
        {
            "id": "61574769249379",
            "count": 0
        },
        {
            "id": "61550903766388",
            "count": 0
        },
        {
            "id": "100064283334255",
            "count": 0
        },
        {
            "id": "61574016530612",
            "count": 0
        },
        {
            "id": "61574938511082",
            "count": 0
        },
        {
            "id": "61575088559806",
            "count": 0
        },
        {
            "id": "100085157983453",
            "count": 0
        },
        {
            "id": "61574835905569",
            "count": 3
        },
        {
            "id": "100085402063165",
            "count": 0
        },
        {
            "id": "61575199405811",
            "count": 10
        },
        {
            "id": "61574819996898",
            "count": 0
        },
        {
            "id": "61558300127349",
            "count": 0
        },
        {
            "id": "61575111064539",
            "count": 0
        },
        {
            "id": "61574954694287",
            "count": 0
        },
        {
            "id": "61574749928712",
            "count": 0
        },
        {
            "id": "61575004165018",
            "count": 0
        },
        {
            "id": "61553808599809",
            "count": 0
        },
        {
            "id": "61574979222444",
            "count": 4
        },
        {
            "id": "61575169413047",
            "count": 0
        },
        {
            "id": "61572409283967",
            "count": 0
        },
        {
            "id": "61575159784723",
            "count": 0
        },
        {
            "id": "61552760593378",
            "count": 0
        },
        {
            "id": "1635314104",
            "count": 0
        },
        {
            "id": "61572824769214",
            "count": 2
        },
        {
            "id": "61574553433932",
            "count": 0
        },
        {
            "id": "61575535672178",
            "count": 0
        },
        {
            "id": "100000671710967",
            "count": 4
        },
        {
            "id": "61575096476645",
            "count": 0
        },
        {
            "id": "100018277053087",
            "count": 0
        },
        {
            "id": "100050067512576",
            "count": 0
        },
        {
            "id": "100001053785092",
            "count": 0
        },
        {
            "id": "61572326334738",
            "count": 0
        },
        {
            "id": "100072951716984",
            "count": 0
        },
        {
            "id": "100055994951145",
            "count": 0
        }
    ],
    "week": [
        {
            "id": "100090516824752",
            "count": 0
        },
        {
            "id": "61573432120030",
            "count": 0
        },
        {
            "id": "61574490941045",
            "count": 0
        },
        {
            "id": "61574575087437",
            "count": 0
        },
        {
            "id": "61572793317251",
            "count": 0
        },
        {
            "id": "61557194519902",
            "count": 0
        },
        {
            "id": "61573502223362",
            "count": 0
        },
        {
            "id": "61565492579070",
            "count": 0
        },
        {
            "id": "100085666955529",
            "count": 0
        },
        {
            "id": "100000998242274",
            "count": 0
        },
        {
            "id": "100081022571610",
            "count": 0
        },
        {
            "id": "100078845411143",
            "count": 0
        },
        {
            "id": "61557674969783",
            "count": 0
        },
        {
            "id": "100082631832134",
            "count": 0
        },
        {
            "id": "100054248857516",
            "count": 0
        },
        {
            "id": "61561237464133",
            "count": 0
        },
        {
            "id": "61563342511191",
            "count": 0
        },
        {
            "id": "61573074004932",
            "count": 0
        },
        {
            "id": "61574013843234",
            "count": 0
        },
        {
            "id": "61558242083449",
            "count": 0
        },
        {
            "id": "100016830788715",
            "count": 71
        },
        {
            "id": "100093440923797",
            "count": 4
        },
        {
            "id": "61575157310645",
            "count": 12
        },
        {
            "id": "100076269693499",
            "count": 0
        },
        {
            "id": "61560897338944",
            "count": 0
        },
        {
            "id": "61572518112142",
            "count": 0
        },
        {
            "id": "61571901226880",
            "count": 0
        },
        {
            "id": "61574769249379",
            "count": 0
        },
        {
            "id": "61550903766388",
            "count": 0
        },
        {
            "id": "100064283334255",
            "count": 0
        },
        {
            "id": "61574016530612",
            "count": 0
        },
        {
            "id": "61574938511082",
            "count": 0
        },
        {
            "id": "61575088559806",
            "count": 0
        },
        {
            "id": "100085157983453",
            "count": 0
        },
        {
            "id": "61574835905569",
            "count": 3
        },
        {
            "id": "100085402063165",
            "count": 0
        },
        {
            "id": "61575199405811",
            "count": 10
        },
        {
            "id": "61574819996898",
            "count": 0
        },
        {
            "id": "61558300127349",
            "count": 0
        },
        {
            "id": "61575111064539",
            "count": 0
        },
        {
            "id": "61574954694287",
            "count": 0
        },
        {
            "id": "61574749928712",
            "count": 0
        },
        {
            "id": "61575004165018",
            "count": 0
        },
        {
            "id": "61553808599809",
            "count": 0
        },
        {
            "id": "61574979222444",
            "count": 4
        },
        {
            "id": "61575169413047",
            "count": 0
        },
        {
            "id": "61572409283967",
            "count": 0
        },
        {
            "id": "61575159784723",
            "count": 0
        },
        {
            "id": "61552760593378",
            "count": 0
        },
        {
            "id": "1635314104",
            "count": 0
        },
        {
            "id": "61572824769214",
            "count": 2
        },
        {
            "id": "61574553433932",
            "count": 0
        },
        {
            "id": "61575535672178",
            "count": 0
        },
        {
            "id": "100000671710967",
            "count": 4
        },
        {
            "id": "61575096476645",
            "count": 0
        },
        {
            "id": "100018277053087",
            "count": 0
        },
        {
            "id": "100050067512576",
            "count": 0
        },
        {
            "id": "100001053785092",
            "count": 0
        },
        {
            "id": "61572326334738",
            "count": 0
        },
        {
            "id": "100072951716984",
            "count": 0
        },
        {
            "id": "100055994951145",
            "count": 0
        }
    ],
    "day": [
        {
            "id": "100090516824752",
            "count": 0
        },
        {
            "id": "61573432120030",
            "count": 0
        },
        {
            "id": "61574490941045",
            "count": 0
        },
        {
            "id": "61574575087437",
            "count": 0
        },
        {
            "id": "61572793317251",
            "count": 0
        },
        {
            "id": "61557194519902",
            "count": 0
        },
        {
            "id": "61573502223362",
            "count": 0
        },
        {
            "id": "61565492579070",
            "count": 0
        },
        {
            "id": "100085666955529",
            "count": 0
        },
        {
            "id": "100000998242274",
            "count": 0
        },
        {
            "id": "100081022571610",
            "count": 0
        },
        {
            "id": "100078845411143",
            "count": 0
        },
        {
            "id": "61557674969783",
            "count": 0
        },
        {
            "id": "100082631832134",
            "count": 0
        },
        {
            "id": "100054248857516",
            "count": 0
        },
        {
            "id": "61561237464133",
            "count": 0
        },
        {
            "id": "61563342511191",
            "count": 0
        },
        {
            "id": "61573074004932",
            "count": 0
        },
        {
            "id": "61574013843234",
            "count": 0
        },
        {
            "id": "61558242083449",
            "count": 0
        },
        {
            "id": "100016830788715",
            "count": 71
        },
        {
            "id": "100093440923797",
            "count": 4
        },
        {
            "id": "61575157310645",
            "count": 12
        },
        {
            "id": "100076269693499",
            "count": 0
        },
        {
            "id": "61560897338944",
            "count": 0
        },
        {
            "id": "61572518112142",
            "count": 0
        },
        {
            "id": "61571901226880",
            "count": 0
        },
        {
            "id": "61574769249379",
            "count": 0
        },
        {
            "id": "61550903766388",
            "count": 0
        },
        {
            "id": "100064283334255",
            "count": 0
        },
        {
            "id": "61574016530612",
            "count": 0
        },
        {
            "id": "61574938511082",
            "count": 0
        },
        {
            "id": "61575088559806",
            "count": 0
        },
        {
            "id": "100085157983453",
            "count": 0
        },
        {
            "id": "61574835905569",
            "count": 3
        },
        {
            "id": "100085402063165",
            "count": 0
        },
        {
            "id": "61575199405811",
            "count": 10
        },
        {
            "id": "61574819996898",
            "count": 0
        },
        {
            "id": "61558300127349",
            "count": 0
        },
        {
            "id": "61575111064539",
            "count": 0
        },
        {
            "id": "61574954694287",
            "count": 0
        },
        {
            "id": "61574749928712",
            "count": 0
        },
        {
            "id": "61575004165018",
            "count": 0
        },
        {
            "id": "61553808599809",
            "count": 0
        },
        {
            "id": "61574979222444",
            "count": 4
        },
        {
            "id": "61575169413047",
            "count": 0
        },
        {
            "id": "61572409283967",
            "count": 0
        },
        {
            "id": "61575159784723",
            "count": 0
        },
        {
            "id": "61552760593378",
            "count": 0
        },
        {
            "id": "1635314104",
            "count": 0
        },
        {
            "id": "61572824769214",
            "count": 2
        },
        {
            "id": "61574553433932",
            "count": 0
        },
        {
            "id": "61575535672178",
            "count": 0
        },
        {
            "id": "100000671710967",
            "count": 4
        },
        {
            "id": "61575096476645",
            "count": 0
        },
        {
            "id": "100018277053087",
            "count": 0
        },
        {
            "id": "100050067512576",
            "count": 0
        },
        {
            "id": "100001053785092",
            "count": 0
        },
        {
            "id": "61572326334738",
            "count": 0
        },
        {
            "id": "100072951716984",
            "count": 0
        },
        {
            "id": "100055994951145",
            "count": 0
        }
    ],
    "time": 3,
    "last": {
        "time": 1,
        "day": [
            {
                "id": "100090516824752",
                "count": 0
            },
            {
                "id": "61573432120030",
                "count": 0
            },
            {
                "id": "61574490941045",
                "count": 0
            },
            {
                "id": "61574575087437",
                "count": 0
            },
            {
                "id": "61572793317251",
                "count": 0
            },
            {
                "id": "61557194519902",
                "count": 0
            },
            {
                "id": "61573502223362",
                "count": 0
            },
            {
                "id": "61565492579070",
                "count": 0
            },
            {
                "id": "100085666955529",
                "count": 0
            },
            {
                "id": "100000998242274",
                "count": 0
            },
            {
                "id": "100081022571610",
                "count": 0
            },
            {
                "id": "100078845411143",
                "count": 0
            },
            {
                "id": "61557674969783",
                "count": 0
            },
            {
                "id": "100082631832134",
                "count": 0
            },
            {
                "id": "100054248857516",
                "count": 0
            },
            {
                "id": "61561237464133",
                "count": 0
            },
            {
                "id": "61563342511191",
                "count": 0
            },
            {
                "id": "61573074004932",
                "count": 0
            },
            {
                "id": "61574013843234",
                "count": 0
            },
            {
                "id": "61558242083449",
                "count": 0
            },
            {
                "id": "100016830788715",
                "count": 0
            },
            {
                "id": "100093440923797",
                "count": 0
            },
            {
                "id": "61575157310645",
                "count": 0
            },
            {
                "id": "100076269693499",
                "count": 0
            },
            {
                "id": "61560897338944",
                "count": 0
            },
            {
                "id": "61559278735323",
                "count": 0
            },
            {
                "id": "61572518112142",
                "count": 0
            },
            {
                "id": "61571901226880",
                "count": 0
            },
            {
                "id": "61574769249379",
                "count": 0
            },
            {
                "id": "61550903766388",
                "count": 0
            },
            {
                "id": "100064283334255",
                "count": 0
            },
            {
                "id": "61574016530612",
                "count": 0
            },
            {
                "id": "61574938511082",
                "count": 0
            },
            {
                "id": "61575088559806",
                "count": 0
            },
            {
                "id": "100085157983453",
                "count": 0
            },
            {
                "id": "61574835905569",
                "count": 0
            },
            {
                "id": "100085402063165",
                "count": 0
            },
            {
                "id": "61575199405811",
                "count": 0
            },
            {
                "id": "61574819996898",
                "count": 0
            },
            {
                "id": "61558300127349",
                "count": 0
            },
            {
                "id": "61574931371423",
                "count": 0
            },
            {
                "id": "61575111064539",
                "count": 0
            },
            {
                "id": "61574954694287",
                "count": 0
            },
            {
                "id": "61574749928712",
                "count": 0
            },
            {
                "id": "61575004165018",
                "count": 0
            },
            {
                "id": "61553808599809",
                "count": 0
            },
            {
                "id": "61574979222444",
                "count": 0
            },
            {
                "id": "61575169413047",
                "count": 0
            },
            {
                "id": "61572409283967",
                "count": 0
            },
            {
                "id": "61575159784723",
                "count": 0
            },
            {
                "id": "61552760593378",
                "count": 0
            },
            {
                "id": "1635314104",
                "count": 0
            },
            {
                "id": "61572824769214",
                "count": 0
            },
            {
                "id": "61574553433932",
                "count": 0
            },
            {
                "id": "61575535672178",
                "count": 0
            },
            {
                "id": "100000671710967",
                "count": 0
            },
            {
                "id": "61575096476645",
                "count": 0
            },
            {
                "id": "100018277053087",
                "count": 0
            },
            {
                "id": "100050067512576",
                "count": 0
            },
            {
                "id": "100001053785092",
                "count": 0
            },
            {
                "id": "61572326334738",
                "count": 0
            },
            {
                "id": "100072951716984",
                "count": 0
            },
            {
                "id": "100055994951145",
                "count": 0
            }
        ],
        "week": [
            {
                "id": "100090516824752",
                "count": 0
            },
            {
                "id": "61573432120030",
                "count": 0
            },
            {
                "id": "61574490941045",
                "count": 0
            },
            {
                "id": "61574575087437",
                "count": 0
            },
            {
                "id": "61572793317251",
                "count": 0
            },
            {
                "id": "61557194519902",
                "count": 0
            },
            {
                "id": "61573502223362",
                "count": 0
            },
            {
                "id": "61565492579070",
                "count": 0
            },
            {
                "id": "100085666955529",
                "count": 0
            },
            {
                "id": "100000998242274",
                "count": 0
            },
            {
                "id": "100081022571610",
                "count": 0
            },
            {
                "id": "100078845411143",
                "count": 0
            },
            {
                "id": "61557674969783",
                "count": 0
            },
            {
                "id": "100082631832134",
                "count": 0
            },
            {
                "id": "100054248857516",
                "count": 0
            },
            {
                "id": "61561237464133",
                "count": 0
            },
            {
                "id": "61563342511191",
                "count": 0
            },
            {
                "id": "61573074004932",
                "count": 0
            },
            {
                "id": "61574013843234",
                "count": 0
            },
            {
                "id": "61558242083449",
                "count": 0
            },
            {
                "id": "100016830788715",
                "count": 0
            },
            {
                "id": "100093440923797",
                "count": 0
            },
            {
                "id": "61575157310645",
                "count": 0
            },
            {
                "id": "100076269693499",
                "count": 0
            },
            {
                "id": "61560897338944",
                "count": 0
            },
            {
                "id": "61559278735323",
                "count": 0
            },
            {
                "id": "61572518112142",
                "count": 0
            },
            {
                "id": "61571901226880",
                "count": 0
            },
            {
                "id": "61574769249379",
                "count": 0
            },
            {
                "id": "61550903766388",
                "count": 0
            },
            {
                "id": "100064283334255",
                "count": 0
            },
            {
                "id": "61574016530612",
                "count": 0
            },
            {
                "id": "61574938511082",
                "count": 0
            },
            {
                "id": "61575088559806",
                "count": 0
            },
            {
                "id": "100085157983453",
                "count": 0
            },
            {
                "id": "61574835905569",
                "count": 0
            },
            {
                "id": "100085402063165",
                "count": 0
            },
            {
                "id": "61575199405811",
                "count": 0
            },
            {
                "id": "61574819996898",
                "count": 0
            },
            {
                "id": "61558300127349",
                "count": 0
            },
            {
                "id": "61574931371423",
                "count": 0
            },
            {
                "id": "61575111064539",
                "count": 0
            },
            {
                "id": "61574954694287",
                "count": 0
            },
            {
                "id": "61574749928712",
                "count": 0
            },
            {
                "id": "61575004165018",
                "count": 0
            },
            {
                "id": "61553808599809",
                "count": 0
            },
            {
                "id": "61574979222444",
                "count": 0
            },
            {
                "id": "61575169413047",
                "count": 0
            },
            {
                "id": "61572409283967",
                "count": 0
            },
            {
                "id": "61575159784723",
                "count": 0
            },
            {
                "id": "61552760593378",
                "count": 0
            },
            {
                "id": "1635314104",
                "count": 0
            },
            {
                "id": "61572824769214",
                "count": 0
            },
            {
                "id": "61574553433932",
                "count": 0
            },
            {
                "id": "61575535672178",
                "count": 0
            },
            {
                "id": "100000671710967",
                "count": 0
            },
            {
                "id": "61575096476645",
                "count": 0
            },
            {
                "id": "100018277053087",
                "count": 0
            },
            {
                "id": "100050067512576",
                "count": 0
            },
            {
                "id": "100001053785092",
                "count": 0
            },
            {
                "id": "61572326334738",
                "count": 0
            },
            {
                "id": "100072951716984",
                "count": 0
            },
            {
                "id": "100055994951145",
                "count": 0
            }
        ]
    }
}