{
    "total": [
        {
            "id": "61574768767236",
            "count": 0
        },
        {
            "id": "61574723406039",
            "count": 1
        },
        {
            "id": "61575064439215",
            "count": 0
        },
        {
            "id": "61575297053149",
            "count": 0
        },
        {
            "id": "100085157983453",
            "count": 0
        },
        {
            "id": "100091052406486",
            "count": 0
        },
        {
            "id": "61555797492634",
            "count": 0
        },
        {
            "id": "100079636470947",
            "count": 0
        },
        {
            "id": "61574769845954",
            "count": 0
        },
        {
            "id": "61574903884602",
            "count": 0
        },
        {
            "id": "100000371320753",
            "count": 0
        },
        {
            "id": "61574806935796",
            "count": 0
        },
        {
            "id": "100074601044507",
            "count": 0
        },
        {
            "id": "61553432177273",
            "count": 0
        },
        {
            "id": "61563474351115",
            "count": 0
        },
        {
            "id": "61551334737745",
            "count": 0
        },
        {
            "id": "100078280512016",
            "count": 4
        },
        {
            "id": "61560452162744",
            "count": 0
        },
        {
            "id": "61558061775475",
            "count": 0
        },
        {
            "id": "61558901913696",
            "count": 0
        },
        {
            "id": "61558416344091",
            "count": 0
        },
        {
            "id": "61558266002507",
            "count": 6
        },
        {
            "id": "61575124168685",
            "count": 0
        },
        {
            "id": "61575027426956",
            "count": 0
        },
        {
            "id": "61574945017518",
            "count": 0
        },
        {
            "id": "61574835905569",
            "count": 0
        },
        {
            "id": "61575096476645",
            "count": 2
        },
        {
            "id": "100001203115895",
            "count": 0
        },
        {
            "id": "61575048350219",
            "count": 0
        },
        {
            "id": "61573929811916",
            "count": 0
        },
        {
            "id": "61574977463736",
            "count": 0
        },
        {
            "id": "61574965703434",
            "count": 0
        },
        {
            "id": "61563781058618",
            "count": 0
        },
        {
            "id": "100000045340149",
            "count": 0
        },
        {
            "id": "100090516824752",
            "count": 0
        },
        {
            "id": "61572319026027",
            "count": 0
        },
        {
            "id": "61574952895231",
            "count": 0
        },
        {
            "id": "61574769103055",
            "count": 0
        },
        {
            "id": "1132196191",
            "count": 0
        },
        {
            "id": "61574950492177",
            "count": 0
        },
        {
            "id": "61574922051288",
            "count": 0
        },
        {
            "id": "61573712164707",
            "count": 0
        },
        {
            "id": "61574522747504",
            "count": 0
        },
        {
            "id": "61574954844011",
            "count": 0
        },
        {
            "id": "100001836794257",
            "count": 0
        },
        {
            "id": "61575221901912",
            "count": 0
        },
        {
            "id": "61562050586110",
            "count": 0
        },
        {
            "id": "61575012141925",
            "count": 0
        },
        {
            "id": "61561101543009",
            "count": 0
        },
        {
            "id": "61574897017156",
            "count": 0
        },
        {
            "id": "61571080604781",
            "count": 0
        },
        {
            "id": "61551728448001",
            "count": 0
        },
        {
            "id": "100090200097080",
            "count": 0
        },
        {
            "id": "61554081846105",
            "count": 0
        },
        {
            "id": "100093392715065",
            "count": 0
        },
        {
            "id": "61571311576577",
            "count": 0
        },
        {
            "id": "61574646128715",
            "count": 0
        },
        {
            "id": "61575039772138",
            "count": 0
        },
        {
            "id": "100002402438003",
            "count": 0
        },
        {
            "id": "100093128372239",
            "count": 0
        },
        {
            "id": "100006198138722",
            "count": 0
        },
        {
            "id": "100003729514784",
            "count": 0
        },
        {
            "id": "61574914719322",
            "count": 0
        },
        {
            "id": "61573700403763",
            "count": 0
        },
        {
            "id": "61574777986037",
            "count": 0
        },
        {
            "id": "61574997832901",
            "count": 0
        },
        {
            "id": "61575147202869",
            "count": 0
        },
        {
            "id": "61574760642484",
            "count": 0
        },
        {
            "id": "61575063122561",
            "count": 0
        },
        {
            "id": "100094563142549",
            "count": 0
        },
        {
            "id": "61574980237221",
            "count": 0
        },
        {
            "id": "61574923300084",
            "count": 0
        },
        {
            "id": "61564940804370",
            "count": 0
        },
        {
            "id": "61574915456079",
            "count": 0
        },
        {
            "id": "100003719204865",
            "count": 0
        },
        {
            "id": "61574687347146",
            "count": 0
        },
        {
            "id": "61575001165375",
            "count": 0
        },
        {
            "id": "61574958783128",
            "count": 0
        },
        {
            "id": "61574889837462",
            "count": 0
        },
        {
            "id": "61574805456337",
            "count": 0
        },
        {
            "id": "61568878024955",
            "count": 0
        },
        {
            "id": "61572424127357",
            "count": 0
        },
        {
            "id": "100091633621810",
            "count": 0
        },
        {
            "id": "61574978518981",
            "count": 0
        },
        {
            "id": "61574954047058",
            "count": 0
        },
        {
            "id": "61575028161266",
            "count": 0
        },
        {
            "id": "61574904881983",
            "count": 0
        },
        {
            "id": "61575105749790",
            "count": 0
        },
        {
            "id": "61574941192663",
            "count": 0
        },
        {
            "id": "61574879259983",
            "count": 0
        },
        {
            "id": "100014740814958",
            "count": 0
        },
        {
            "id": "100069148747645",
            "count": 0
        },
        {
            "id": "61573578317829",
            "count": 0
        },
        {
            "id": "100092967370760",
            "count": 0
        },
        {
            "id": "100093518182357",
            "count": 0
        },
        {
            "id": "100094541659362",
            "count": 0
        },
        {
            "id": "100000475364328",
            "count": 0
        },
        {
            "id": "61550488387812",
            "count": 0
        },
        {
            "id": "61555860491831",
            "count": 0
        },
        {
            "id": "61557891604566",
            "count": 0
        },
        {
            "id": "61555666385886",
            "count": 0
        },
        {
            "id": "100068780695617",
            "count": 0
        },
        {
            "id": "61554942236210",
            "count": 0
        },
        {
            "id": "61555173257614",
            "count": 0
        },
        {
            "id": "61573571233752",
            "count": 0
        },
        {
            "id": "61562930053216",
            "count": 0
        },
        {
            "id": "61574836504401",
            "count": 0
        },
        {
            "id": "61563676907343",
            "count": 0
        },
        {
            "id": "100032328948791",
            "count": 0
        },
        {
            "id": "100095741460736",
            "count": 0
        },
        {
            "id": "61574751907353",
            "count": 0
        },
        {
            "id": "100092150348707",
            "count": 0
        },
        {
            "id": "61551203481799",
            "count": 0
        },
        {
            "id": "61553320284040",
            "count": 0
        },
        {
            "id": "100004682237189",
            "count": 0
        },
        {
            "id": "61575078411659",
            "count": 0
        },
        {
            "id": "100094390553207",
            "count": 0
        },
        {
            "id": "100092336380124",
            "count": 0
        },
        {
            "id": "100089542387561",
            "count": 0
        },
        {
            "id": "100088419954390",
            "count": 0
        },
        {
            "id": "61554346040054",
            "count": 0
        },
        {
            "id": "61555192997054",
            "count": 0
        },
        {
            "id": "61552399981907",
            "count": 0
        },
        {
            "id": "61558724493816",
            "count": 0
        },
        {
            "id": "100053758218632",
            "count": 0
        },
        {
            "id": "61574912163279",
            "count": 0
        },
        {
            "id": "61574838032607",
            "count": 0
        },
        {
            "id": "61562808472620",
            "count": 0
        },
        {
            "id": "61551038165672",
            "count": 0
        },
        {
            "id": "100086573933923",
            "count": 0
        },
        {
            "id": "61550770444072",
            "count": 0
        },
        {
            "id": "61570362604733",
            "count": 0
        },
        {
            "id": "100003781230212",
            "count": 0
        },
        {
            "id": "61567914784745",
            "count": 0
        },
        {
            "id": "100001556262664",
            "count": 0
        },
        {
            "id": "61574788546642",
            "count": 0
        },
        {
            "id": "61574596004280",
            "count": 0
        },
        {
            "id": "100092560951771",
            "count": 0
        },
        {
            "id": "61574659691657",
            "count": 0
        },
        {
            "id": "61574547107726",
            "count": 0
        },
        {
            "id": "61566816773039",
            "count": 0
        },
        {
            "id": "61574896085747",
            "count": 0
        },
        {
            "id": "61572342962490",
            "count": 0
        },
        {
            "id": "61575020631761",
            "count": 0
        },
        {
            "id": "100001852548915",
            "count": 0
        },
        {
            "id": "61574716696535",
            "count": 0
        },
        {
            "id": "61575097735861",
            "count": 0
        },
        {
            "id": "61574664106189",
            "count": 0
        },
        {
            "id": "61571461501833",
            "count": 0
        },
        {
            "id": "100008724427384",
            "count": 0
        },
        {
            "id": "100001392924946",
            "count": 0
        },
        {
            "id": "61575370670601",
            "count": 0
        },
        {
            "id": "61575099897588",
            "count": 0
        },
        {
            "id": "61564850079488",
            "count": 0
        },
        {
            "id": "61558469926960",
            "count": 0
        },
        {
            "id": "61574100846415",
            "count": 0
        },
        {
            "id": "61575186925991",
            "count": 0
        },
        {
            "id": "61573898563499",
            "count": 0
        },
        {
            "id": "100050679968095",
            "count": 0
        },
        {
            "id": "61566980337058",
            "count": 0
        },
        {
            "id": "61571622749231",
            "count": 0
        },
        {
            "id": "61573714653939",
            "count": 0
        },
        {
            "id": "61574991611052",
            "count": 0
        },
        {
            "id": "61575221812172",
            "count": 0
        },
        {
            "id": "61574975591400",
            "count": 0
        },
        {
            "id": "100003247088613",
            "count": 0
        },
        {
            "id": "61575088559806",
            "count": 0
        },
        {
            "id": "61573758579243",
            "count": 0
        },
        {
            "id": "61575203843381",
            "count": 0
        },
        {
            "id": "61575403250541",
            "count": 0
        },
        {
            "id": "61571638866874",
            "count": 0
        },
        {
            "id": "61574972933646",
            "count": 0
        },
        {
            "id": "100000924492398",
            "count": 0
        },
        {
            "id": "61575389752060",
            "count": 0
        },
        {
            "id": "61575174235510",
            "count": 0
        },
        {
            "id": "61574749928712",
            "count": 0
        },
        {
            "id": "61566534939758",
            "count": 0
        },
        {
            "id": "61574707326728",
            "count": 0
        },
        {
            "id": "61575068914856",
            "count": 0
        },
        {
            "id": "100000938828730",
            "count": 0
        },
        {
            "id": "100087490244609",
            "count": 0
        },
        {
            "id": "100094505312492",
            "count": 0
        },
        {
            "id": "61561748633961",
            "count": 0
        },
        {
            "id": "61570055751765",
            "count": 0
        },
        {
            "id": "61573264048183",
            "count": 0
        },
        {
            "id": "61574690023612",
            "count": 0
        },
        {
            "id": "100001138841899",
            "count": 0
        },
        {
            "id": "100067045835023",
            "count": 0
        },
        {
            "id": "61571308595185",
            "count": 0
        },
        {
            "id": "61574883134945",
            "count": 0
        },
        {
            "id": "61572440957220",
            "count": 0
        },
        {
            "id": "61575290065417",
            "count": 0
        },
        {
            "id": "61575227873299",
            "count": 0
        },
        {
            "id": "61557449640163",
            "count": 0
        },
        {
            "id": "100003633940434",
            "count": 0
        },
        {
            "id": "61558386494314",
            "count": 0
        },
        {
            "id": "61573677726693",
            "count": 0
        },
        {
            "id": "61572204339338",
            "count": 0
        },
        {
            "id": "100095200493894",
            "count": 0
        },
        {
            "id": "61571635018775",
            "count": 0
        },
        {
            "id": "61575138661706",
            "count": 0
        },
        {
            "id": "100086111667913",
            "count": 0
        },
        {
            "id": "61574905053241",
            "count": 0
        },
        {
            "id": "61574634611922",
            "count": 0
        }
    ],
    "week": [
        {
            "id": "61574768767236",
            "count": 0
        },
        {
            "id": "61574723406039",
            "count": 1
        },
        {
            "id": "61575064439215",
            "count": 0
        },
        {
            "id": "61575297053149",
            "count": 0
        },
        {
            "id": "100085157983453",
            "count": 0
        },
        {
            "id": "100091052406486",
            "count": 0
        },
        {
            "id": "61555797492634",
            "count": 0
        },
        {
            "id": "100079636470947",
            "count": 0
        },
        {
            "id": "61574769845954",
            "count": 0
        },
        {
            "id": "61574903884602",
            "count": 0
        },
        {
            "id": "100000371320753",
            "count": 0
        },
        {
            "id": "61574806935796",
            "count": 0
        },
        {
            "id": "100074601044507",
            "count": 0
        },
        {
            "id": "61553432177273",
            "count": 0
        },
        {
            "id": "61563474351115",
            "count": 0
        },
        {
            "id": "61551334737745",
            "count": 0
        },
        {
            "id": "100078280512016",
            "count": 4
        },
        {
            "id": "61560452162744",
            "count": 0
        },
        {
            "id": "61558061775475",
            "count": 0
        },
        {
            "id": "61558901913696",
            "count": 0
        },
        {
            "id": "61558416344091",
            "count": 0
        },
        {
            "id": "61558266002507",
            "count": 6
        },
        {
            "id": "61575124168685",
            "count": 0
        },
        {
            "id": "61575027426956",
            "count": 0
        },
        {
            "id": "61574945017518",
            "count": 0
        },
        {
            "id": "61574835905569",
            "count": 0
        },
        {
            "id": "61575096476645",
            "count": 2
        },
        {
            "id": "100001203115895",
            "count": 0
        },
        {
            "id": "61575048350219",
            "count": 0
        },
        {
            "id": "61573929811916",
            "count": 0
        },
        {
            "id": "61574977463736",
            "count": 0
        },
        {
            "id": "61574965703434",
            "count": 0
        },
        {
            "id": "61563781058618",
            "count": 0
        },
        {
            "id": "100000045340149",
            "count": 0
        },
        {
            "id": "100090516824752",
            "count": 0
        },
        {
            "id": "61572319026027",
            "count": 0
        },
        {
            "id": "61574952895231",
            "count": 0
        },
        {
            "id": "61574769103055",
            "count": 0
        },
        {
            "id": "1132196191",
            "count": 0
        },
        {
            "id": "61574950492177",
            "count": 0
        },
        {
            "id": "61574922051288",
            "count": 0
        },
        {
            "id": "61573712164707",
            "count": 0
        },
        {
            "id": "61574522747504",
            "count": 0
        },
        {
            "id": "61574954844011",
            "count": 0
        },
        {
            "id": "100001836794257",
            "count": 0
        },
        {
            "id": "61575221901912",
            "count": 0
        },
        {
            "id": "61562050586110",
            "count": 0
        },
        {
            "id": "61575012141925",
            "count": 0
        },
        {
            "id": "61561101543009",
            "count": 0
        },
        {
            "id": "61574897017156",
            "count": 0
        },
        {
            "id": "61571080604781",
            "count": 0
        },
        {
            "id": "61551728448001",
            "count": 0
        },
        {
            "id": "100090200097080",
            "count": 0
        },
        {
            "id": "61554081846105",
            "count": 0
        },
        {
            "id": "100093392715065",
            "count": 0
        },
        {
            "id": "61571311576577",
            "count": 0
        },
        {
            "id": "61574646128715",
            "count": 0
        },
        {
            "id": "61575039772138",
            "count": 0
        },
        {
            "id": "100002402438003",
            "count": 0
        },
        {
            "id": "100093128372239",
            "count": 0
        },
        {
            "id": "100006198138722",
            "count": 0
        },
        {
            "id": "100003729514784",
            "count": 0
        },
        {
            "id": "61574914719322",
            "count": 0
        },
        {
            "id": "61573700403763",
            "count": 0
        },
        {
            "id": "61574777986037",
            "count": 0
        },
        {
            "id": "61574997832901",
            "count": 0
        },
        {
            "id": "61575147202869",
            "count": 0
        },
        {
            "id": "61574760642484",
            "count": 0
        },
        {
            "id": "61575063122561",
            "count": 0
        },
        {
            "id": "100094563142549",
            "count": 0
        },
        {
            "id": "61574980237221",
            "count": 0
        },
        {
            "id": "61574923300084",
            "count": 0
        },
        {
            "id": "61564940804370",
            "count": 0
        },
        {
            "id": "61574915456079",
            "count": 0
        },
        {
            "id": "100003719204865",
            "count": 0
        },
        {
            "id": "61574687347146",
            "count": 0
        },
        {
            "id": "61575001165375",
            "count": 0
        },
        {
            "id": "61574958783128",
            "count": 0
        },
        {
            "id": "61574889837462",
            "count": 0
        },
        {
            "id": "61574805456337",
            "count": 0
        },
        {
            "id": "61568878024955",
            "count": 0
        },
        {
            "id": "61572424127357",
            "count": 0
        },
        {
            "id": "100091633621810",
            "count": 0
        },
        {
            "id": "61574978518981",
            "count": 0
        },
        {
            "id": "61574954047058",
            "count": 0
        },
        {
            "id": "61575028161266",
            "count": 0
        },
        {
            "id": "61574904881983",
            "count": 0
        },
        {
            "id": "61575105749790",
            "count": 0
        },
        {
            "id": "61574941192663",
            "count": 0
        },
        {
            "id": "61574879259983",
            "count": 0
        },
        {
            "id": "100014740814958",
            "count": 0
        },
        {
            "id": "100069148747645",
            "count": 0
        },
        {
            "id": "61573578317829",
            "count": 0
        },
        {
            "id": "100092967370760",
            "count": 0
        },
        {
            "id": "100093518182357",
            "count": 0
        },
        {
            "id": "100094541659362",
            "count": 0
        },
        {
            "id": "100000475364328",
            "count": 0
        },
        {
            "id": "61550488387812",
            "count": 0
        },
        {
            "id": "61555860491831",
            "count": 0
        },
        {
            "id": "61557891604566",
            "count": 0
        },
        {
            "id": "61555666385886",
            "count": 0
        },
        {
            "id": "100068780695617",
            "count": 0
        },
        {
            "id": "61554942236210",
            "count": 0
        },
        {
            "id": "61555173257614",
            "count": 0
        },
        {
            "id": "61573571233752",
            "count": 0
        },
        {
            "id": "61562930053216",
            "count": 0
        },
        {
            "id": "61574836504401",
            "count": 0
        },
        {
            "id": "61563676907343",
            "count": 0
        },
        {
            "id": "100032328948791",
            "count": 0
        },
        {
            "id": "100095741460736",
            "count": 0
        },
        {
            "id": "61574751907353",
            "count": 0
        },
        {
            "id": "100092150348707",
            "count": 0
        },
        {
            "id": "61551203481799",
            "count": 0
        },
        {
            "id": "61553320284040",
            "count": 0
        },
        {
            "id": "100004682237189",
            "count": 0
        },
        {
            "id": "61575078411659",
            "count": 0
        },
        {
            "id": "100094390553207",
            "count": 0
        },
        {
            "id": "100092336380124",
            "count": 0
        },
        {
            "id": "100089542387561",
            "count": 0
        },
        {
            "id": "100088419954390",
            "count": 0
        },
        {
            "id": "61554346040054",
            "count": 0
        },
        {
            "id": "61555192997054",
            "count": 0
        },
        {
            "id": "61552399981907",
            "count": 0
        },
        {
            "id": "61558724493816",
            "count": 0
        },
        {
            "id": "100053758218632",
            "count": 0
        },
        {
            "id": "61574912163279",
            "count": 0
        },
        {
            "id": "61574838032607",
            "count": 0
        },
        {
            "id": "61562808472620",
            "count": 0
        },
        {
            "id": "61551038165672",
            "count": 0
        },
        {
            "id": "100086573933923",
            "count": 0
        },
        {
            "id": "61550770444072",
            "count": 0
        },
        {
            "id": "61570362604733",
            "count": 0
        },
        {
            "id": "100003781230212",
            "count": 0
        },
        {
            "id": "61567914784745",
            "count": 0
        },
        {
            "id": "100001556262664",
            "count": 0
        },
        {
            "id": "61574788546642",
            "count": 0
        },
        {
            "id": "61574596004280",
            "count": 0
        },
        {
            "id": "100092560951771",
            "count": 0
        },
        {
            "id": "61574659691657",
            "count": 0
        },
        {
            "id": "61574547107726",
            "count": 0
        },
        {
            "id": "61566816773039",
            "count": 0
        },
        {
            "id": "61574896085747",
            "count": 0
        },
        {
            "id": "61572342962490",
            "count": 0
        },
        {
            "id": "61575020631761",
            "count": 0
        },
        {
            "id": "100001852548915",
            "count": 0
        },
        {
            "id": "61574716696535",
            "count": 0
        },
        {
            "id": "61575097735861",
            "count": 0
        },
        {
            "id": "61574664106189",
            "count": 0
        },
        {
            "id": "61571461501833",
            "count": 0
        },
        {
            "id": "100008724427384",
            "count": 0
        },
        {
            "id": "100001392924946",
            "count": 0
        },
        {
            "id": "61575370670601",
            "count": 0
        },
        {
            "id": "61575099897588",
            "count": 0
        },
        {
            "id": "61564850079488",
            "count": 0
        },
        {
            "id": "61558469926960",
            "count": 0
        },
        {
            "id": "61574100846415",
            "count": 0
        },
        {
            "id": "61575186925991",
            "count": 0
        },
        {
            "id": "61573898563499",
            "count": 0
        },
        {
            "id": "100050679968095",
            "count": 0
        },
        {
            "id": "61566980337058",
            "count": 0
        },
        {
            "id": "61571622749231",
            "count": 0
        },
        {
            "id": "61573714653939",
            "count": 0
        },
        {
            "id": "61574991611052",
            "count": 0
        },
        {
            "id": "61575221812172",
            "count": 0
        },
        {
            "id": "61574975591400",
            "count": 0
        },
        {
            "id": "100003247088613",
            "count": 0
        },
        {
            "id": "61575088559806",
            "count": 0
        },
        {
            "id": "61573758579243",
            "count": 0
        },
        {
            "id": "61575203843381",
            "count": 0
        },
        {
            "id": "61575403250541",
            "count": 0
        },
        {
            "id": "61571638866874",
            "count": 0
        },
        {
            "id": "61574972933646",
            "count": 0
        },
        {
            "id": "100000924492398",
            "count": 0
        },
        {
            "id": "61575389752060",
            "count": 0
        },
        {
            "id": "61575174235510",
            "count": 0
        },
        {
            "id": "61574749928712",
            "count": 0
        },
        {
            "id": "61566534939758",
            "count": 0
        },
        {
            "id": "61574707326728",
            "count": 0
        },
        {
            "id": "61575068914856",
            "count": 0
        },
        {
            "id": "100000938828730",
            "count": 0
        },
        {
            "id": "100087490244609",
            "count": 0
        },
        {
            "id": "100094505312492",
            "count": 0
        },
        {
            "id": "61561748633961",
            "count": 0
        },
        {
            "id": "61570055751765",
            "count": 0
        },
        {
            "id": "61573264048183",
            "count": 0
        },
        {
            "id": "61574690023612",
            "count": 0
        },
        {
            "id": "100001138841899",
            "count": 0
        },
        {
            "id": "100067045835023",
            "count": 0
        },
        {
            "id": "61571308595185",
            "count": 0
        },
        {
            "id": "61574883134945",
            "count": 0
        },
        {
            "id": "61572440957220",
            "count": 0
        },
        {
            "id": "61575290065417",
            "count": 0
        },
        {
            "id": "61575227873299",
            "count": 0
        },
        {
            "id": "61557449640163",
            "count": 0
        },
        {
            "id": "100003633940434",
            "count": 0
        },
        {
            "id": "61558386494314",
            "count": 0
        },
        {
            "id": "61573677726693",
            "count": 0
        },
        {
            "id": "61572204339338",
            "count": 0
        },
        {
            "id": "100095200493894",
            "count": 0
        },
        {
            "id": "61571635018775",
            "count": 0
        },
        {
            "id": "61575138661706",
            "count": 0
        },
        {
            "id": "100086111667913",
            "count": 0
        },
        {
            "id": "61574905053241",
            "count": 0
        },
        {
            "id": "61574634611922",
            "count": 0
        }
    ],
    "day": [
        {
            "id": "61574768767236",
            "count": 0
        },
        {
            "id": "61574723406039",
            "count": 1
        },
        {
            "id": "61575064439215",
            "count": 0
        },
        {
            "id": "61575297053149",
            "count": 0
        },
        {
            "id": "100085157983453",
            "count": 0
        },
        {
            "id": "100091052406486",
            "count": 0
        },
        {
            "id": "61555797492634",
            "count": 0
        },
        {
            "id": "100079636470947",
            "count": 0
        },
        {
            "id": "61574769845954",
            "count": 0
        },
        {
            "id": "61574903884602",
            "count": 0
        },
        {
            "id": "100000371320753",
            "count": 0
        },
        {
            "id": "61574806935796",
            "count": 0
        },
        {
            "id": "100074601044507",
            "count": 0
        },
        {
            "id": "61553432177273",
            "count": 0
        },
        {
            "id": "61563474351115",
            "count": 0
        },
        {
            "id": "61551334737745",
            "count": 0
        },
        {
            "id": "100078280512016",
            "count": 4
        },
        {
            "id": "61560452162744",
            "count": 0
        },
        {
            "id": "61558061775475",
            "count": 0
        },
        {
            "id": "61558901913696",
            "count": 0
        },
        {
            "id": "61558416344091",
            "count": 0
        },
        {
            "id": "61558266002507",
            "count": 6
        },
        {
            "id": "61575124168685",
            "count": 0
        },
        {
            "id": "61575027426956",
            "count": 0
        },
        {
            "id": "61574945017518",
            "count": 0
        },
        {
            "id": "61574835905569",
            "count": 0
        },
        {
            "id": "61575096476645",
            "count": 2
        },
        {
            "id": "100001203115895",
            "count": 0
        },
        {
            "id": "61575048350219",
            "count": 0
        },
        {
            "id": "61573929811916",
            "count": 0
        },
        {
            "id": "61574977463736",
            "count": 0
        },
        {
            "id": "61574965703434",
            "count": 0
        },
        {
            "id": "61563781058618",
            "count": 0
        },
        {
            "id": "100000045340149",
            "count": 0
        },
        {
            "id": "100090516824752",
            "count": 0
        },
        {
            "id": "61572319026027",
            "count": 0
        },
        {
            "id": "61574952895231",
            "count": 0
        },
        {
            "id": "61574769103055",
            "count": 0
        },
        {
            "id": "1132196191",
            "count": 0
        },
        {
            "id": "61574950492177",
            "count": 0
        },
        {
            "id": "61574922051288",
            "count": 0
        },
        {
            "id": "61573712164707",
            "count": 0
        },
        {
            "id": "61574522747504",
            "count": 0
        },
        {
            "id": "61574954844011",
            "count": 0
        },
        {
            "id": "100001836794257",
            "count": 0
        },
        {
            "id": "61575221901912",
            "count": 0
        },
        {
            "id": "61562050586110",
            "count": 0
        },
        {
            "id": "61575012141925",
            "count": 0
        },
        {
            "id": "61561101543009",
            "count": 0
        },
        {
            "id": "61574897017156",
            "count": 0
        },
        {
            "id": "61571080604781",
            "count": 0
        },
        {
            "id": "61551728448001",
            "count": 0
        },
        {
            "id": "100090200097080",
            "count": 0
        },
        {
            "id": "61554081846105",
            "count": 0
        },
        {
            "id": "100093392715065",
            "count": 0
        },
        {
            "id": "61571311576577",
            "count": 0
        },
        {
            "id": "61574646128715",
            "count": 0
        },
        {
            "id": "61575039772138",
            "count": 0
        },
        {
            "id": "100002402438003",
            "count": 0
        },
        {
            "id": "100093128372239",
            "count": 0
        },
        {
            "id": "100006198138722",
            "count": 0
        },
        {
            "id": "100003729514784",
            "count": 0
        },
        {
            "id": "61574914719322",
            "count": 0
        },
        {
            "id": "61573700403763",
            "count": 0
        },
        {
            "id": "61574777986037",
            "count": 0
        },
        {
            "id": "61574997832901",
            "count": 0
        },
        {
            "id": "61575147202869",
            "count": 0
        },
        {
            "id": "61574760642484",
            "count": 0
        },
        {
            "id": "61575063122561",
            "count": 0
        },
        {
            "id": "100094563142549",
            "count": 0
        },
        {
            "id": "61574980237221",
            "count": 0
        },
        {
            "id": "61574923300084",
            "count": 0
        },
        {
            "id": "61564940804370",
            "count": 0
        },
        {
            "id": "61574915456079",
            "count": 0
        },
        {
            "id": "100003719204865",
            "count": 0
        },
        {
            "id": "61574687347146",
            "count": 0
        },
        {
            "id": "61575001165375",
            "count": 0
        },
        {
            "id": "61574958783128",
            "count": 0
        },
        {
            "id": "61574889837462",
            "count": 0
        },
        {
            "id": "61574805456337",
            "count": 0
        },
        {
            "id": "61568878024955",
            "count": 0
        },
        {
            "id": "61572424127357",
            "count": 0
        },
        {
            "id": "100091633621810",
            "count": 0
        },
        {
            "id": "61574978518981",
            "count": 0
        },
        {
            "id": "61574954047058",
            "count": 0
        },
        {
            "id": "61575028161266",
            "count": 0
        },
        {
            "id": "61574904881983",
            "count": 0
        },
        {
            "id": "61575105749790",
            "count": 0
        },
        {
            "id": "61574941192663",
            "count": 0
        },
        {
            "id": "61574879259983",
            "count": 0
        },
        {
            "id": "100014740814958",
            "count": 0
        },
        {
            "id": "100069148747645",
            "count": 0
        },
        {
            "id": "61573578317829",
            "count": 0
        },
        {
            "id": "100092967370760",
            "count": 0
        },
        {
            "id": "100093518182357",
            "count": 0
        },
        {
            "id": "100094541659362",
            "count": 0
        },
        {
            "id": "100000475364328",
            "count": 0
        },
        {
            "id": "61550488387812",
            "count": 0
        },
        {
            "id": "61555860491831",
            "count": 0
        },
        {
            "id": "61557891604566",
            "count": 0
        },
        {
            "id": "61555666385886",
            "count": 0
        },
        {
            "id": "100068780695617",
            "count": 0
        },
        {
            "id": "61554942236210",
            "count": 0
        },
        {
            "id": "61555173257614",
            "count": 0
        },
        {
            "id": "61573571233752",
            "count": 0
        },
        {
            "id": "61562930053216",
            "count": 0
        },
        {
            "id": "61574836504401",
            "count": 0
        },
        {
            "id": "61563676907343",
            "count": 0
        },
        {
            "id": "100032328948791",
            "count": 0
        },
        {
            "id": "100095741460736",
            "count": 0
        },
        {
            "id": "61574751907353",
            "count": 0
        },
        {
            "id": "100092150348707",
            "count": 0
        },
        {
            "id": "61551203481799",
            "count": 0
        },
        {
            "id": "61553320284040",
            "count": 0
        },
        {
            "id": "100004682237189",
            "count": 0
        },
        {
            "id": "61575078411659",
            "count": 0
        },
        {
            "id": "100094390553207",
            "count": 0
        },
        {
            "id": "100092336380124",
            "count": 0
        },
        {
            "id": "100089542387561",
            "count": 0
        },
        {
            "id": "100088419954390",
            "count": 0
        },
        {
            "id": "61554346040054",
            "count": 0
        },
        {
            "id": "61555192997054",
            "count": 0
        },
        {
            "id": "61552399981907",
            "count": 0
        },
        {
            "id": "61558724493816",
            "count": 0
        },
        {
            "id": "100053758218632",
            "count": 0
        },
        {
            "id": "61574912163279",
            "count": 0
        },
        {
            "id": "61574838032607",
            "count": 0
        },
        {
            "id": "61562808472620",
            "count": 0
        },
        {
            "id": "61551038165672",
            "count": 0
        },
        {
            "id": "100086573933923",
            "count": 0
        },
        {
            "id": "61550770444072",
            "count": 0
        },
        {
            "id": "61570362604733",
            "count": 0
        },
        {
            "id": "100003781230212",
            "count": 0
        },
        {
            "id": "61567914784745",
            "count": 0
        },
        {
            "id": "100001556262664",
            "count": 0
        },
        {
            "id": "61574788546642",
            "count": 0
        },
        {
            "id": "61574596004280",
            "count": 0
        },
        {
            "id": "100092560951771",
            "count": 0
        },
        {
            "id": "61574659691657",
            "count": 0
        },
        {
            "id": "61574547107726",
            "count": 0
        },
        {
            "id": "61566816773039",
            "count": 0
        },
        {
            "id": "61574896085747",
            "count": 0
        },
        {
            "id": "61572342962490",
            "count": 0
        },
        {
            "id": "61575020631761",
            "count": 0
        },
        {
            "id": "100001852548915",
            "count": 0
        },
        {
            "id": "61574716696535",
            "count": 0
        },
        {
            "id": "61575097735861",
            "count": 0
        },
        {
            "id": "61574664106189",
            "count": 0
        },
        {
            "id": "61571461501833",
            "count": 0
        },
        {
            "id": "100008724427384",
            "count": 0
        },
        {
            "id": "100001392924946",
            "count": 0
        },
        {
            "id": "61575370670601",
            "count": 0
        },
        {
            "id": "61575099897588",
            "count": 0
        },
        {
            "id": "61564850079488",
            "count": 0
        },
        {
            "id": "61558469926960",
            "count": 0
        },
        {
            "id": "61574100846415",
            "count": 0
        },
        {
            "id": "61575186925991",
            "count": 0
        },
        {
            "id": "61573898563499",
            "count": 0
        },
        {
            "id": "100050679968095",
            "count": 0
        },
        {
            "id": "61566980337058",
            "count": 0
        },
        {
            "id": "61571622749231",
            "count": 0
        },
        {
            "id": "61573714653939",
            "count": 0
        },
        {
            "id": "61574991611052",
            "count": 0
        },
        {
            "id": "61575221812172",
            "count": 0
        },
        {
            "id": "61574975591400",
            "count": 0
        },
        {
            "id": "100003247088613",
            "count": 0
        },
        {
            "id": "61575088559806",
            "count": 0
        },
        {
            "id": "61573758579243",
            "count": 0
        },
        {
            "id": "61575203843381",
            "count": 0
        },
        {
            "id": "61575403250541",
            "count": 0
        },
        {
            "id": "61571638866874",
            "count": 0
        },
        {
            "id": "61574972933646",
            "count": 0
        },
        {
            "id": "100000924492398",
            "count": 0
        },
        {
            "id": "61575389752060",
            "count": 0
        },
        {
            "id": "61575174235510",
            "count": 0
        },
        {
            "id": "61574749928712",
            "count": 0
        },
        {
            "id": "61566534939758",
            "count": 0
        },
        {
            "id": "61574707326728",
            "count": 0
        },
        {
            "id": "61575068914856",
            "count": 0
        },
        {
            "id": "100000938828730",
            "count": 0
        },
        {
            "id": "100087490244609",
            "count": 0
        },
        {
            "id": "100094505312492",
            "count": 0
        },
        {
            "id": "61561748633961",
            "count": 0
        },
        {
            "id": "61570055751765",
            "count": 0
        },
        {
            "id": "61573264048183",
            "count": 0
        },
        {
            "id": "61574690023612",
            "count": 0
        },
        {
            "id": "100001138841899",
            "count": 0
        },
        {
            "id": "100067045835023",
            "count": 0
        },
        {
            "id": "61571308595185",
            "count": 0
        },
        {
            "id": "61574883134945",
            "count": 0
        },
        {
            "id": "61572440957220",
            "count": 0
        },
        {
            "id": "61575290065417",
            "count": 0
        },
        {
            "id": "61575227873299",
            "count": 0
        },
        {
            "id": "61557449640163",
            "count": 0
        },
        {
            "id": "100003633940434",
            "count": 0
        },
        {
            "id": "61558386494314",
            "count": 0
        },
        {
            "id": "61573677726693",
            "count": 0
        },
        {
            "id": "61572204339338",
            "count": 0
        },
        {
            "id": "100095200493894",
            "count": 0
        },
        {
            "id": "61571635018775",
            "count": 0
        },
        {
            "id": "61575138661706",
            "count": 0
        },
        {
            "id": "100086111667913",
            "count": 0
        },
        {
            "id": "61574905053241",
            "count": 0
        },
        {
            "id": "61574634611922",
            "count": 0
        }
    ],
    "time": 3,
    "last": {
        "time": 1,
        "day": [
            {
                "id": "61574768767236",
                "count": 0
            },
            {
                "id": "61574723406039",
                "count": 0
            },
            {
                "id": "61575064439215",
                "count": 0
            },
            {
                "id": "61575297053149",
                "count": 0
            },
            {
                "id": "100085157983453",
                "count": 0
            },
            {
                "id": "100091052406486",
                "count": 0
            },
            {
                "id": "100079517471965",
                "count": 0
            },
            {
                "id": "61555797492634",
                "count": 0
            },
            {
                "id": "100079636470947",
                "count": 0
            },
            {
                "id": "61574769845954",
                "count": 0
            },
            {
                "id": "61574903884602",
                "count": 0
            },
            {
                "id": "61575501020174",
                "count": 0
            },
            {
                "id": "100000371320753",
                "count": 0
            },
            {
                "id": "61574806935796",
                "count": 0
            },
            {
                "id": "100078175331479",
                "count": 0
            },
            {
                "id": "100074601044507",
                "count": 0
            },
            {
                "id": "61553432177273",
                "count": 0
            },
            {
                "id": "61563474351115",
                "count": 0
            },
            {
                "id": "61551334737745",
                "count": 0
            },
            {
                "id": "100016830788715",
                "count": 0
            },
            {
                "id": "100078280512016",
                "count": 0
            },
            {
                "id": "61562403669871",
                "count": 0
            },
            {
                "id": "61561816497975",
                "count": 0
            },
            {
                "id": "61560452162744",
                "count": 0
            },
            {
                "id": "61558061775475",
                "count": 0
            },
            {
                "id": "61558901913696",
                "count": 0
            },
            {
                "id": "61561278847533",
                "count": 0
            },
            {
                "id": "61559051714499",
                "count": 0
            },
            {
                "id": "61554750594142",
                "count": 0
            },
            {
                "id": "61558416344091",
                "count": 0
            },
            {
                "id": "61558266002507",
                "count": 0
            },
            {
                "id": "61575124168685",
                "count": 0
            },
            {
                "id": "61569436838081",
                "count": 0
            },
            {
                "id": "61575027426956",
                "count": 0
            },
            {
                "id": "61574945017518",
                "count": 0
            },
            {
                "id": "61574835905569",
                "count": 0
            },
            {
                "id": "61575096476645",
                "count": 0
            },
            {
                "id": "100001203115895",
                "count": 0
            },
            {
                "id": "61575048350219",
                "count": 0
            },
            {
                "id": "61573929811916",
                "count": 0
            },
            {
                "id": "61574946818633",
                "count": 0
            },
            {
                "id": "61574977463736",
                "count": 0
            },
            {
                "id": "61574965703434",
                "count": 0
            },
            {
                "id": "61563781058618",
                "count": 0
            },
            {
                "id": "100000045340149",
                "count": 0
            },
            {
                "id": "61575169133722",
                "count": 0
            },
            {
                "id": "100090516824752",
                "count": 0
            },
            {
                "id": "61572319026027",
                "count": 0
            },
            {
                "id": "61574952895231",
                "count": 0
            },
            {
                "id": "61574769103055",
                "count": 0
            },
            {
                "id": "1132196191",
                "count": 0
            },
            {
                "id": "61574950492177",
                "count": 0
            },
            {
                "id": "61574922051288",
                "count": 0
            },
            {
                "id": "61573712164707",
                "count": 0
            },
            {
                "id": "61574522747504",
                "count": 0
            },
            {
                "id": "61574954844011",
                "count": 0
            },
            {
                "id": "100001836794257",
                "count": 0
            },
            {
                "id": "61575221901912",
                "count": 0
            },
            {
                "id": "61574634616343",
                "count": 0
            },
            {
                "id": "61562050586110",
                "count": 0
            },
            {
                "id": "61575012141925",
                "count": 0
            },
            {
                "id": "61561101543009",
                "count": 0
            },
            {
                "id": "100085402063165",
                "count": 0
            },
            {
                "id": "61574897017156",
                "count": 0
            },
            {
                "id": "61571080604781",
                "count": 0
            },
            {
                "id": "61551728448001",
                "count": 0
            },
            {
                "id": "100090200097080",
                "count": 0
            },
            {
                "id": "100031205363949",
                "count": 0
            },
            {
                "id": "61554081846105",
                "count": 0
            },
            {
                "id": "100093392715065",
                "count": 0
            },
            {
                "id": "61571311576577",
                "count": 0
            },
            {
                "id": "61574646128715",
                "count": 0
            },
            {
                "id": "61575039772138",
                "count": 0
            },
            {
                "id": "100002402438003",
                "count": 0
            },
            {
                "id": "61575046734123",
                "count": 0
            },
            {
                "id": "100093128372239",
                "count": 0
            },
            {
                "id": "100006198138722",
                "count": 0
            },
            {
                "id": "100003729514784",
                "count": 0
            },
            {
                "id": "61574914719322",
                "count": 0
            },
            {
                "id": "61573700403763",
                "count": 0
            },
            {
                "id": "61574777986037",
                "count": 0
            },
            {
                "id": "61574997832901",
                "count": 0
            },
            {
                "id": "61575173452247",
                "count": 0
            },
            {
                "id": "61575147202869",
                "count": 0
            },
            {
                "id": "61574760642484",
                "count": 0
            },
            {
                "id": "61575063122561",
                "count": 0
            },
            {
                "id": "100094563142549",
                "count": 0
            },
            {
                "id": "61574980237221",
                "count": 0
            },
            {
                "id": "61574923300084",
                "count": 0
            },
            {
                "id": "61564940804370",
                "count": 0
            },
            {
                "id": "61574915456079",
                "count": 0
            },
            {
                "id": "100003719204865",
                "count": 0
            },
            {
                "id": "61574929106318",
                "count": 0
            },
            {
                "id": "61574687347146",
                "count": 0
            },
            {
                "id": "61575001165375",
                "count": 0
            },
            {
                "id": "61574958783128",
                "count": 0
            },
            {
                "id": "61574889837462",
                "count": 0
            },
            {
                "id": "61574805456337",
                "count": 0
            },
            {
                "id": "61568878024955",
                "count": 0
            },
            {
                "id": "61572424127357",
                "count": 0
            },
            {
                "id": "100091633621810",
                "count": 0
            },
            {
                "id": "61574978518981",
                "count": 0
            },
            {
                "id": "61574954047058",
                "count": 0
            },
            {
                "id": "61575028161266",
                "count": 0
            },
            {
                "id": "61574904881983",
                "count": 0
            },
            {
                "id": "61575105749790",
                "count": 0
            },
            {
                "id": "61574941192663",
                "count": 0
            },
            {
                "id": "61574879259983",
                "count": 0
            },
            {
                "id": "61574782426131",
                "count": 0
            },
            {
                "id": "100014740814958",
                "count": 0
            },
            {
                "id": "100069148747645",
                "count": 0
            },
            {
                "id": "61573578317829",
                "count": 0
            },
            {
                "id": "61550186158909",
                "count": 0
            },
            {
                "id": "100092967370760",
                "count": 0
            },
            {
                "id": "100093518182357",
                "count": 0
            },
            {
                "id": "100094541659362",
                "count": 0
            },
            {
                "id": "61563805390161",
                "count": 0
            },
            {
                "id": "100000475364328",
                "count": 0
            },
            {
                "id": "61550488387812",
                "count": 0
            },
            {
                "id": "61555860491831",
                "count": 0
            },
            {
                "id": "61557891604566",
                "count": 0
            },
            {
                "id": "61555666385886",
                "count": 0
            },
            {
                "id": "100068780695617",
                "count": 0
            },
            {
                "id": "61554942236210",
                "count": 0
            },
            {
                "id": "61555173257614",
                "count": 0
            },
            {
                "id": "61573571233752",
                "count": 0
            },
            {
                "id": "100093344550204",
                "count": 0
            },
            {
                "id": "61562930053216",
                "count": 0
            },
            {
                "id": "61574836504401",
                "count": 0
            },
            {
                "id": "61563676907343",
                "count": 0
            },
            {
                "id": "100032328948791",
                "count": 0
            },
            {
                "id": "100095741460736",
                "count": 0
            },
            {
                "id": "61574751907353",
                "count": 0
            },
            {
                "id": "100092150348707",
                "count": 0
            },
            {
                "id": "61551203481799",
                "count": 0
            },
            {
                "id": "61553320284040",
                "count": 0
            },
            {
                "id": "100004682237189",
                "count": 0
            },
            {
                "id": "61575078411659",
                "count": 0
            },
            {
                "id": "61558372515714",
                "count": 0
            },
            {
                "id": "100094390553207",
                "count": 0
            },
            {
                "id": "100092336380124",
                "count": 0
            },
            {
                "id": "100089542387561",
                "count": 0
            },
            {
                "id": "100088419954390",
                "count": 0
            },
            {
                "id": "61554346040054",
                "count": 0
            },
            {
                "id": "61555192997054",
                "count": 0
            },
            {
                "id": "61552399981907",
                "count": 0
            },
            {
                "id": "61558724493816",
                "count": 0
            },
            {
                "id": "100053758218632",
                "count": 0
            },
            {
                "id": "61574912163279",
                "count": 0
            },
            {
                "id": "61574838032607",
                "count": 0
            },
            {
                "id": "100087765399027",
                "count": 0
            },
            {
                "id": "61562808472620",
                "count": 0
            },
            {
                "id": "100000495420495",
                "count": 0
            },
            {
                "id": "61551038165672",
                "count": 0
            },
            {
                "id": "100086573933923",
                "count": 0
            },
            {
                "id": "61550770444072",
                "count": 0
            },
            {
                "id": "100048780193412",
                "count": 0
            },
            {
                "id": "61570362604733",
                "count": 0
            },
            {
                "id": "100003781230212",
                "count": 0
            },
            {
                "id": "61567914784745",
                "count": 0
            },
            {
                "id": "100001556262664",
                "count": 0
            },
            {
                "id": "61574788546642",
                "count": 0
            },
            {
                "id": "61574596004280",
                "count": 0
            },
            {
                "id": "100092560951771",
                "count": 0
            },
            {
                "id": "61574659691657",
                "count": 0
            },
            {
                "id": "61574547107726",
                "count": 0
            },
            {
                "id": "61566816773039",
                "count": 0
            },
            {
                "id": "100000360287069",
                "count": 0
            },
            {
                "id": "61574896085747",
                "count": 0
            },
            {
                "id": "61573168966175",
                "count": 0
            },
            {
                "id": "61572342962490",
                "count": 0
            },
            {
                "id": "61575020631761",
                "count": 0
            },
            {
                "id": "61574817459076",
                "count": 0
            },
            {
                "id": "100001852548915",
                "count": 0
            },
            {
                "id": "61574716696535",
                "count": 0
            },
            {
                "id": "61575097735861",
                "count": 0
            },
            {
                "id": "61574664106189",
                "count": 0
            },
            {
                "id": "61574578093862",
                "count": 0
            },
            {
                "id": "61571461501833",
                "count": 0
            },
            {
                "id": "100008724427384",
                "count": 0
            },
            {
                "id": "100006762377863",
                "count": 0
            },
            {
                "id": "100001392924946",
                "count": 0
            },
            {
                "id": "100000437091131",
                "count": 0
            },
            {
                "id": "61575370670601",
                "count": 0
            },
            {
                "id": "61575099897588",
                "count": 0
            },
            {
                "id": "61574869120677",
                "count": 0
            },
            {
                "id": "61574714286239",
                "count": 0
            },
            {
                "id": "61557122860592",
                "count": 0
            },
            {
                "id": "61564850079488",
                "count": 0
            },
            {
                "id": "61558469926960",
                "count": 0
            },
            {
                "id": "61574100846415",
                "count": 0
            },
            {
                "id": "61575186925991",
                "count": 0
            },
            {
                "id": "61573779221641",
                "count": 0
            },
            {
                "id": "61573898563499",
                "count": 0
            },
            {
                "id": "100050679968095",
                "count": 0
            },
            {
                "id": "61566980337058",
                "count": 0
            },
            {
                "id": "61570236302799",
                "count": 0
            },
            {
                "id": "61571622749231",
                "count": 0
            },
            {
                "id": "61573714653939",
                "count": 0
            },
            {
                "id": "61574991611052",
                "count": 0
            },
            {
                "id": "61575221812172",
                "count": 0
            },
            {
                "id": "61574975591400",
                "count": 0
            },
            {
                "id": "100003247088613",
                "count": 0
            },
            {
                "id": "61575088559806",
                "count": 0
            },
            {
                "id": "61573758579243",
                "count": 0
            },
            {
                "id": "61575203843381",
                "count": 0
            },
            {
                "id": "61575403250541",
                "count": 0
            },
            {
                "id": "61571638866874",
                "count": 0
            },
            {
                "id": "61575086526738",
                "count": 0
            },
            {
                "id": "61567462347973",
                "count": 0
            },
            {
                "id": "61574972933646",
                "count": 0
            },
            {
                "id": "100000924492398",
                "count": 0
            },
            {
                "id": "61575389752060",
                "count": 0
            },
            {
                "id": "61575174235510",
                "count": 0
            },
            {
                "id": "61574749928712",
                "count": 0
            },
            {
                "id": "61566534939758",
                "count": 0
            },
            {
                "id": "61574707326728",
                "count": 0
            },
            {
                "id": "61575068914856",
                "count": 0
            },
            {
                "id": "100000938828730",
                "count": 0
            },
            {
                "id": "100087490244609",
                "count": 0
            },
            {
                "id": "100094505312492",
                "count": 0
            },
            {
                "id": "61561748633961",
                "count": 0
            },
            {
                "id": "61570055751765",
                "count": 0
            },
            {
                "id": "61573264048183",
                "count": 0
            },
            {
                "id": "61574690023612",
                "count": 0
            },
            {
                "id": "100001138841899",
                "count": 0
            },
            {
                "id": "100067045835023",
                "count": 0
            },
            {
                "id": "61571308595185",
                "count": 0
            },
            {
                "id": "61574883134945",
                "count": 0
            },
            {
                "id": "61572440957220",
                "count": 0
            },
            {
                "id": "61575290065417",
                "count": 0
            },
            {
                "id": "61575227873299",
                "count": 0
            },
            {
                "id": "61557449640163",
                "count": 0
            },
            {
                "id": "100003633940434",
                "count": 0
            },
            {
                "id": "61558386494314",
                "count": 0
            },
            {
                "id": "61573677726693",
                "count": 0
            },
            {
                "id": "61572204339338",
                "count": 0
            },
            {
                "id": "100095200493894",
                "count": 0
            },
            {
                "id": "61571635018775",
                "count": 0
            },
            {
                "id": "61575138661706",
                "count": 0
            },
            {
                "id": "100086111667913",
                "count": 0
            },
            {
                "id": "61574905053241",
                "count": 0
            },
            {
                "id": "61574634611922",
                "count": 0
            }
        ],
        "week": [
            {
                "id": "61574768767236",
                "count": 0
            },
            {
                "id": "61574723406039",
                "count": 0
            },
            {
                "id": "61575064439215",
                "count": 0
            },
            {
                "id": "61575297053149",
                "count": 0
            },
            {
                "id": "100085157983453",
                "count": 0
            },
            {
                "id": "100091052406486",
                "count": 0
            },
            {
                "id": "100079517471965",
                "count": 0
            },
            {
                "id": "61555797492634",
                "count": 0
            },
            {
                "id": "100079636470947",
                "count": 0
            },
            {
                "id": "61574769845954",
                "count": 0
            },
            {
                "id": "61574903884602",
                "count": 0
            },
            {
                "id": "61575501020174",
                "count": 0
            },
            {
                "id": "100000371320753",
                "count": 0
            },
            {
                "id": "61574806935796",
                "count": 0
            },
            {
                "id": "100078175331479",
                "count": 0
            },
            {
                "id": "100074601044507",
                "count": 0
            },
            {
                "id": "61553432177273",
                "count": 0
            },
            {
                "id": "61563474351115",
                "count": 0
            },
            {
                "id": "61551334737745",
                "count": 0
            },
            {
                "id": "100016830788715",
                "count": 0
            },
            {
                "id": "100078280512016",
                "count": 0
            },
            {
                "id": "61562403669871",
                "count": 0
            },
            {
                "id": "61561816497975",
                "count": 0
            },
            {
                "id": "61560452162744",
                "count": 0
            },
            {
                "id": "61558061775475",
                "count": 0
            },
            {
                "id": "61558901913696",
                "count": 0
            },
            {
                "id": "61561278847533",
                "count": 0
            },
            {
                "id": "61559051714499",
                "count": 0
            },
            {
                "id": "61554750594142",
                "count": 0
            },
            {
                "id": "61558416344091",
                "count": 0
            },
            {
                "id": "61558266002507",
                "count": 0
            },
            {
                "id": "61575124168685",
                "count": 0
            },
            {
                "id": "61569436838081",
                "count": 0
            },
            {
                "id": "61575027426956",
                "count": 0
            },
            {
                "id": "61574945017518",
                "count": 0
            },
            {
                "id": "61574835905569",
                "count": 0
            },
            {
                "id": "61575096476645",
                "count": 0
            },
            {
                "id": "100001203115895",
                "count": 0
            },
            {
                "id": "61575048350219",
                "count": 0
            },
            {
                "id": "61573929811916",
                "count": 0
            },
            {
                "id": "61574946818633",
                "count": 0
            },
            {
                "id": "61574977463736",
                "count": 0
            },
            {
                "id": "61574965703434",
                "count": 0
            },
            {
                "id": "61563781058618",
                "count": 0
            },
            {
                "id": "100000045340149",
                "count": 0
            },
            {
                "id": "61575169133722",
                "count": 0
            },
            {
                "id": "100090516824752",
                "count": 0
            },
            {
                "id": "61572319026027",
                "count": 0
            },
            {
                "id": "61574952895231",
                "count": 0
            },
            {
                "id": "61574769103055",
                "count": 0
            },
            {
                "id": "1132196191",
                "count": 0
            },
            {
                "id": "61574950492177",
                "count": 0
            },
            {
                "id": "61574922051288",
                "count": 0
            },
            {
                "id": "61573712164707",
                "count": 0
            },
            {
                "id": "61574522747504",
                "count": 0
            },
            {
                "id": "61574954844011",
                "count": 0
            },
            {
                "id": "100001836794257",
                "count": 0
            },
            {
                "id": "61575221901912",
                "count": 0
            },
            {
                "id": "61574634616343",
                "count": 0
            },
            {
                "id": "61562050586110",
                "count": 0
            },
            {
                "id": "61575012141925",
                "count": 0
            },
            {
                "id": "61561101543009",
                "count": 0
            },
            {
                "id": "100085402063165",
                "count": 0
            },
            {
                "id": "61574897017156",
                "count": 0
            },
            {
                "id": "61571080604781",
                "count": 0
            },
            {
                "id": "61551728448001",
                "count": 0
            },
            {
                "id": "100090200097080",
                "count": 0
            },
            {
                "id": "100031205363949",
                "count": 0
            },
            {
                "id": "61554081846105",
                "count": 0
            },
            {
                "id": "100093392715065",
                "count": 0
            },
            {
                "id": "61571311576577",
                "count": 0
            },
            {
                "id": "61574646128715",
                "count": 0
            },
            {
                "id": "61575039772138",
                "count": 0
            },
            {
                "id": "100002402438003",
                "count": 0
            },
            {
                "id": "61575046734123",
                "count": 0
            },
            {
                "id": "100093128372239",
                "count": 0
            },
            {
                "id": "100006198138722",
                "count": 0
            },
            {
                "id": "100003729514784",
                "count": 0
            },
            {
                "id": "61574914719322",
                "count": 0
            },
            {
                "id": "61573700403763",
                "count": 0
            },
            {
                "id": "61574777986037",
                "count": 0
            },
            {
                "id": "61574997832901",
                "count": 0
            },
            {
                "id": "61575173452247",
                "count": 0
            },
            {
                "id": "61575147202869",
                "count": 0
            },
            {
                "id": "61574760642484",
                "count": 0
            },
            {
                "id": "61575063122561",
                "count": 0
            },
            {
                "id": "100094563142549",
                "count": 0
            },
            {
                "id": "61574980237221",
                "count": 0
            },
            {
                "id": "61574923300084",
                "count": 0
            },
            {
                "id": "61564940804370",
                "count": 0
            },
            {
                "id": "61574915456079",
                "count": 0
            },
            {
                "id": "100003719204865",
                "count": 0
            },
            {
                "id": "61574929106318",
                "count": 0
            },
            {
                "id": "61574687347146",
                "count": 0
            },
            {
                "id": "61575001165375",
                "count": 0
            },
            {
                "id": "61574958783128",
                "count": 0
            },
            {
                "id": "61574889837462",
                "count": 0
            },
            {
                "id": "61574805456337",
                "count": 0
            },
            {
                "id": "61568878024955",
                "count": 0
            },
            {
                "id": "61572424127357",
                "count": 0
            },
            {
                "id": "100091633621810",
                "count": 0
            },
            {
                "id": "61574978518981",
                "count": 0
            },
            {
                "id": "61574954047058",
                "count": 0
            },
            {
                "id": "61575028161266",
                "count": 0
            },
            {
                "id": "61574904881983",
                "count": 0
            },
            {
                "id": "61575105749790",
                "count": 0
            },
            {
                "id": "61574941192663",
                "count": 0
            },
            {
                "id": "61574879259983",
                "count": 0
            },
            {
                "id": "61574782426131",
                "count": 0
            },
            {
                "id": "100014740814958",
                "count": 0
            },
            {
                "id": "100069148747645",
                "count": 0
            },
            {
                "id": "61573578317829",
                "count": 0
            },
            {
                "id": "61550186158909",
                "count": 0
            },
            {
                "id": "100092967370760",
                "count": 0
            },
            {
                "id": "100093518182357",
                "count": 0
            },
            {
                "id": "100094541659362",
                "count": 0
            },
            {
                "id": "61563805390161",
                "count": 0
            },
            {
                "id": "100000475364328",
                "count": 0
            },
            {
                "id": "61550488387812",
                "count": 0
            },
            {
                "id": "61555860491831",
                "count": 0
            },
            {
                "id": "61557891604566",
                "count": 0
            },
            {
                "id": "61555666385886",
                "count": 0
            },
            {
                "id": "100068780695617",
                "count": 0
            },
            {
                "id": "61554942236210",
                "count": 0
            },
            {
                "id": "61555173257614",
                "count": 0
            },
            {
                "id": "61573571233752",
                "count": 0
            },
            {
                "id": "100093344550204",
                "count": 0
            },
            {
                "id": "61562930053216",
                "count": 0
            },
            {
                "id": "61574836504401",
                "count": 0
            },
            {
                "id": "61563676907343",
                "count": 0
            },
            {
                "id": "100032328948791",
                "count": 0
            },
            {
                "id": "100095741460736",
                "count": 0
            },
            {
                "id": "61574751907353",
                "count": 0
            },
            {
                "id": "100092150348707",
                "count": 0
            },
            {
                "id": "61551203481799",
                "count": 0
            },
            {
                "id": "61553320284040",
                "count": 0
            },
            {
                "id": "100004682237189",
                "count": 0
            },
            {
                "id": "61575078411659",
                "count": 0
            },
            {
                "id": "61558372515714",
                "count": 0
            },
            {
                "id": "100094390553207",
                "count": 0
            },
            {
                "id": "100092336380124",
                "count": 0
            },
            {
                "id": "100089542387561",
                "count": 0
            },
            {
                "id": "100088419954390",
                "count": 0
            },
            {
                "id": "61554346040054",
                "count": 0
            },
            {
                "id": "61555192997054",
                "count": 0
            },
            {
                "id": "61552399981907",
                "count": 0
            },
            {
                "id": "61558724493816",
                "count": 0
            },
            {
                "id": "100053758218632",
                "count": 0
            },
            {
                "id": "61574912163279",
                "count": 0
            },
            {
                "id": "61574838032607",
                "count": 0
            },
            {
                "id": "100087765399027",
                "count": 0
            },
            {
                "id": "61562808472620",
                "count": 0
            },
            {
                "id": "100000495420495",
                "count": 0
            },
            {
                "id": "61551038165672",
                "count": 0
            },
            {
                "id": "100086573933923",
                "count": 0
            },
            {
                "id": "61550770444072",
                "count": 0
            },
            {
                "id": "100048780193412",
                "count": 0
            },
            {
                "id": "61570362604733",
                "count": 0
            },
            {
                "id": "100003781230212",
                "count": 0
            },
            {
                "id": "61567914784745",
                "count": 0
            },
            {
                "id": "100001556262664",
                "count": 0
            },
            {
                "id": "61574788546642",
                "count": 0
            },
            {
                "id": "61574596004280",
                "count": 0
            },
            {
                "id": "100092560951771",
                "count": 0
            },
            {
                "id": "61574659691657",
                "count": 0
            },
            {
                "id": "61574547107726",
                "count": 0
            },
            {
                "id": "61566816773039",
                "count": 0
            },
            {
                "id": "100000360287069",
                "count": 0
            },
            {
                "id": "61574896085747",
                "count": 0
            },
            {
                "id": "61573168966175",
                "count": 0
            },
            {
                "id": "61572342962490",
                "count": 0
            },
            {
                "id": "61575020631761",
                "count": 0
            },
            {
                "id": "61574817459076",
                "count": 0
            },
            {
                "id": "100001852548915",
                "count": 0
            },
            {
                "id": "61574716696535",
                "count": 0
            },
            {
                "id": "61575097735861",
                "count": 0
            },
            {
                "id": "61574664106189",
                "count": 0
            },
            {
                "id": "61574578093862",
                "count": 0
            },
            {
                "id": "61571461501833",
                "count": 0
            },
            {
                "id": "100008724427384",
                "count": 0
            },
            {
                "id": "100006762377863",
                "count": 0
            },
            {
                "id": "100001392924946",
                "count": 0
            },
            {
                "id": "100000437091131",
                "count": 0
            },
            {
                "id": "61575370670601",
                "count": 0
            },
            {
                "id": "61575099897588",
                "count": 0
            },
            {
                "id": "61574869120677",
                "count": 0
            },
            {
                "id": "61574714286239",
                "count": 0
            },
            {
                "id": "61557122860592",
                "count": 0
            },
            {
                "id": "61564850079488",
                "count": 0
            },
            {
                "id": "61558469926960",
                "count": 0
            },
            {
                "id": "61574100846415",
                "count": 0
            },
            {
                "id": "61575186925991",
                "count": 0
            },
            {
                "id": "61573779221641",
                "count": 0
            },
            {
                "id": "61573898563499",
                "count": 0
            },
            {
                "id": "100050679968095",
                "count": 0
            },
            {
                "id": "61566980337058",
                "count": 0
            },
            {
                "id": "61570236302799",
                "count": 0
            },
            {
                "id": "61571622749231",
                "count": 0
            },
            {
                "id": "61573714653939",
                "count": 0
            },
            {
                "id": "61574991611052",
                "count": 0
            },
            {
                "id": "61575221812172",
                "count": 0
            },
            {
                "id": "61574975591400",
                "count": 0
            },
            {
                "id": "100003247088613",
                "count": 0
            },
            {
                "id": "61575088559806",
                "count": 0
            },
            {
                "id": "61573758579243",
                "count": 0
            },
            {
                "id": "61575203843381",
                "count": 0
            },
            {
                "id": "61575403250541",
                "count": 0
            },
            {
                "id": "61571638866874",
                "count": 0
            },
            {
                "id": "61575086526738",
                "count": 0
            },
            {
                "id": "61567462347973",
                "count": 0
            },
            {
                "id": "61574972933646",
                "count": 0
            },
            {
                "id": "100000924492398",
                "count": 0
            },
            {
                "id": "61575389752060",
                "count": 0
            },
            {
                "id": "61575174235510",
                "count": 0
            },
            {
                "id": "61574749928712",
                "count": 0
            },
            {
                "id": "61566534939758",
                "count": 0
            },
            {
                "id": "61574707326728",
                "count": 0
            },
            {
                "id": "61575068914856",
                "count": 0
            },
            {
                "id": "100000938828730",
                "count": 0
            },
            {
                "id": "100087490244609",
                "count": 0
            },
            {
                "id": "100094505312492",
                "count": 0
            },
            {
                "id": "61561748633961",
                "count": 0
            },
            {
                "id": "61570055751765",
                "count": 0
            },
            {
                "id": "61573264048183",
                "count": 0
            },
            {
                "id": "61574690023612",
                "count": 0
            },
            {
                "id": "100001138841899",
                "count": 0
            },
            {
                "id": "100067045835023",
                "count": 0
            },
            {
                "id": "61571308595185",
                "count": 0
            },
            {
                "id": "61574883134945",
                "count": 0
            },
            {
                "id": "61572440957220",
                "count": 0
            },
            {
                "id": "61575290065417",
                "count": 0
            },
            {
                "id": "61575227873299",
                "count": 0
            },
            {
                "id": "61557449640163",
                "count": 0
            },
            {
                "id": "100003633940434",
                "count": 0
            },
            {
                "id": "61558386494314",
                "count": 0
            },
            {
                "id": "61573677726693",
                "count": 0
            },
            {
                "id": "61572204339338",
                "count": 0
            },
            {
                "id": "100095200493894",
                "count": 0
            },
            {
                "id": "61571635018775",
                "count": 0
            },
            {
                "id": "61575138661706",
                "count": 0
            },
            {
                "id": "100086111667913",
                "count": 0
            },
            {
                "id": "61574905053241",
                "count": 0
            },
            {
                "id": "61574634611922",
                "count": 0
            }
        ]
    }
}