{
  "6438348046214987": {
    "namebox": "Newbie running bot | 2",
    "status": false
  },
  "6744060619034802": {
    "namebox": "ᴅɪᴠɪᴅᴇ ᴀɴᴅ ᴄᴏɴǫᴜᴇʀ ⁰⁷⁰⁷²³",
    "status": true
  },
  "4435255279905661": {
    "namebox": "🐾 𝑯𝑻𝑳 • 𝑯𝑨𝑪 𝑻𝑯𝑰𝑬𝑵 𝑲𝑼 🐾",
    "status": true
  },
  "6696710200414251": {
    "namebox": "Support, Test bot chat👾",
    "status": true
  },
  "24290150107267508": {
    "namebox": "bbmxh của hq 🥨",
    "status": true
  },
  "6419153621441235": {
    "namebox": ",",
    "status": true
  },
  "6998223250214714": {
    "namebox": "k",
    "status": false
  },
  "24239177229030236": {
    "namebox": null,
    "status": true
  },
  "23988531660791634": {
    "namebox": "☪.ℬᎯᏆᏆℒℰℛЅ",
    "status": true
  },
  "4463921930328788": {
    "namebox": "| 𝟏 |👑✨••𝐓𝐑𝐔̀𝐌 𝐌𝐀𝐅𝐈𝐀➳𝑻𝑴𝑭✿࿐••👑✨𝟮𝟳.𝟬𝟳.𝟮𝟬𝟮𝟭✨ 3 NĂM THẲNG TIẾN 🤡",
    "status": true
  },
  "6158569510938675": {
    "namebox": "Pink Panthers",
    "status": true
  },
  "7756585244415391": {
    "namebox": "Soul Takers arena of valor",
    "status": true
  },
  "4908518719226096": {
    "namebox": "#🍰𝐘𝐮𝐫𝐢_𝐭𝐞𝐚𝐦🐰🍰[180M]⇌#𝐎𝐫𝐫𝐞𝐧💐[36M]⇌#𝐖𝐱🍡[426M]",
    "status": true
  },
  "7279111238794511": {
    "namebox": "cn chố nhi",
    "status": true
  },
  "6830908386988312": {
    "namebox": ".",
    "status": true
  },
  "5644017988950410": {
    "namebox": "chuyển nhà=)))",
    "status": true
  },
  "6982932325086038": {
    "namebox": "NOTI TRONG PHẦN ẢNH",
    "status": true
  },
  "7978051062222740": {
    "namebox": null,
    "status": false
  },
  "6652265881471462": {
    "namebox": "PevPc NetWork",
    "status": true
  },
  "6272884602803031": {
    "namebox": "『Genshin Impact』",
    "status": true
  },
  "7102222933173600": {
    "namebox": "P̴̛͛̄̏̋̌̋̌͊̍̀̊̿̂̉̚̕͝­̛͑̉̆̍̔͐̌̐͊͒̏͐̏͛̌̌̆͝͝­̂̅̏͐͛̈́̋̏̃̑͋̋̀̈́̓̋̓̍̉̚­̛̂̓͋̓̉͑͒̅̎͛̊̽̅̈́͗̌͊̎͝­͐̍̒̈̄̄̈́̅̔̏͌͐̈͝͠áa",
    "status": false
  },
  "6878534095548019": {
    "namebox": "Chat Bot Community",
    "status": true
  },
  "7192805160847699": {
    "namebox": null,
    "status": true
  },
  "7295118980595323": {
    "namebox": "𝐁𝐋𝐔𝐄 𝐋𝐂",
    "status": true
  },
  "8146034048744383": {
    "namebox": "newbox me @Ng Ngọc Nhi",
    "status": true
  },
  "25184113827899832": {
    "namebox": "Gia Đình Kiểu Mẫu💅",
    "status": true
  },
  "6834871869889629": {
    "namebox": "PRIVATE.COM",
    "status": true
  },
  "7319747281396701": {
    "namebox": "𝐆𝐞𝐧𝐙 𝐃𝐚 𝐓𝐚̀𝐢",
    "status": true
  },
  "7269231063139981": {
    "namebox": "Từ Ghét Thành Yew🫰🏻",
    "status": true
  },
  "7413168302137025": {
    "namebox": "2S GỜ PÊ 🐧🐧🐧",
    "status": true
  },
  "24040188852263020": {
    "namebox": "Hội Thánh Đức Chúa Trời 👑",
    "status": true
  },
  "24878713961777078": {
    "namebox": "🧚🏿Oi Oi Oi 🧚🏿",
    "status": true
  },
  "7295941567161621": {
    "namebox": "Whitexsback",
    "status": true
  },
  "6156491741084969": {
    "namebox": "TN Đ.Cổ",
    "status": true
  },
  "25687056520907661": {
    "namebox": "box 👍",
    "status": true
  },
  "24201469499440179": {
    "namebox": "db:25/8 | Haikyuu 💕",
    "status": true
  },
  "7598638756849202": {
    "namebox": null,
    "status": true
  },
  "7957293220955845": {
    "namebox": "box Kiểm Ny 💞(Bff)",
    "status": true
  },
  "6934410079932080": {
    "namebox": "🐣ྀི DuckLucci🐣ྀི",
    "status": true
  },
  "7184831811639527": {
    "namebox": null,
    "status": true
  },
  "7231570333619708": {
    "namebox": "Đại Gia Tộc 5.0",
    "status": true
  },
  "8166717366672299": {
    "namebox": null,
    "status": true
  },
  "7296881990372049": {
    "namebox": "ghép gì v",
    "status": false
  },
  "7964263690253708": {
    "namebox": "AAAㅤACADEMY  (ID : 3054411601 ) 36/40",
    "status": true
  },
  "7291811037565765": {
    "namebox": "Dragon Team",
    "status": true
  },
  "7020509381372609": {
    "namebox": "💤💤💤",
    "status": true
  },
  "4239680622779154": {
    "namebox": "⚔️𝕲𝖊𝖓𝖙𝖑𝖊 𝕻𝖑𝖆𝖞𝖊𝖗𝖘⚔️",
    "status": true
  },
  "6473393676106835": {
    "namebox": "chạm đáy nỗi đau 💔(2day kh tt=kick)",
    "status": false
  },
  "7649409431790060": {
    "namebox": "Box All Star Tower Defense",
    "status": true
  },
  "25328712490109473": {
    "namebox": null,
    "status": false
  },
  "6252480631521865": {
    "namebox": "Nạn đói setlove AOV",
    "status": false
  },
  "6844164162326193": {
    "namebox": "🌷Anh Co Yeu Em Khong?",
    "status": true
  },
  "6613356208681289": {
    "namebox": "💤",
    "status": true
  },
  "5817083795019649": {
    "namebox": "𝘾𝙡𝙖𝙣 𝙁𝙖𝙢𝙞𝙡𝙮𝘿𝙤𝙣𝙪𝙩𝙨🎀",
    "status": true
  },
  "26385242291062841": {
    "namebox": "kskd",
    "status": true
  },
  "28559648477015918": {
    "namebox": "𓊈👿𒆜 𝐃𝐄𝐕 𝐓𝐄𝐀𝐌 𒆜👿𓊉",
    "status": true
  },
  "28740745382235394": {
    "namebox": "💗✨",
    "status": true
  },
  "9545055112227387": {
    "namebox": "𝘿𝙚𝙫𝘾𝙧𝙚𝙬☠︎⚡",
    "status": true
  },
  "9668769973204865": {
    "namebox": "زتو كونت يسب سبي",
    "status": true
  },
  "9069210913183786": {
    "namebox": "TILMN-UX الابادة 👨‍💻♻️",
    "status": true
  },
  "29139760669001126": {
    "namebox": "😹😹😹💔طط ندخل روووحي شووو",
    "status": true
  },
  "23971040005831433": {
    "namebox": "مدري",
    "status": true
  },
  "29464465246501055": {
    "namebox": "BOT TILMN-UX |  زمننا قد بدأ",
    "status": true
  },
  "29389106517369994": {
    "namebox": "☠️ TM console.log('I love girls'); 👽💡",
    "status": true
  },
  "9119463641492707": {
    "namebox": "انيس",
    "status": true
  },
  "9774038889350849": {
    "namebox": "୫ ⅌ ⤹ ꞋꞌꞋꞌ୧  ༘ ₊˚🏴‍☠️🎬",
    "status": true
  },
  "9925829790813710": {
    "namebox": "Drivah 🖤🥷🏻",
    "status": true
  },
  "9212501842119192": {
    "namebox": "♕☆[عٌـِـٍـِصٌـ,ـآبـٌـٌـٌـٌـٌة العـنـاكـب ]♤♡",
    "status": true
  },
  "9905372042890926": {
    "namebox": ".",
    "status": true
  },
  "9893545134094563": {
    "namebox": "🫦✨🕷",
    "status": true
  },
  "9576533629108139": {
    "namebox": "قٰ͡ـٰ͜ـۦ͠روبۦ𖣘برک𖣘",
    "status": true
  },
  "10076163659102401": {
    "namebox": null,
    "status": true
  },
  "9350973291674741": {
    "namebox": null,
    "status": true
  },
  "9019751631442712": {
    "namebox": "βℓ丶ᅠFAMILI",
    "status": true
  },
  "9620642904712725": {
    "namebox": null,
    "status": true
  },
  "24315202228120431": {
    "namebox": null,
    "status": true
  },
  "23909404362030364": {
    "namebox": "𝐶𝑎𝑟 𝑝𝑎𝑟𝑘𝑖𝑛𝑔 𝑚𝑢𝑙𝑡𝑖𝑝𝑙𝑎𝑦𝑒𝑟 𝐴𝑙𝑔 🇩🇿🤍",
    "status": true
  },
  "23957493540546005": {
    "namebox": "Car__Parking__Multiplayer.Dz",
    "status": true
  },
  "30371168375863288": {
    "namebox": "..",
    "status": true
  },
  "9638724139566609": {
    "namebox": "🐦💭🐧",
    "status": true
  },
  "9417608781677568": {
    "namebox": "group de 58 wilya ✨❤️",
    "status": true
  },
  "30073621895616751": {
    "namebox": "⁦(⁠✷⁠‿⁠✷⁠)⁩",
    "status": true
  },
  "23997156216641872": {
    "namebox": "Thįs'is Marwa X-Øil Dámñ",
    "status": true
  },
  "10022192181236540": {
    "namebox": null,
    "status": true
  },
  "24174174958880614": {
    "namebox": "COSA¥MFY🤍🚬",
    "status": true
  },
  "24128232883484924": {
    "namebox": "βℓ丶ᅠFAMILI",
    "status": true
  },
  "1928486328008660": {
    "namebox": null,
    "status": true
  },
  "1315921113574449": {
    "namebox": "عائلة 🫶🤗✨❤️‍🩹",
    "status": true
  },
  "23991578927132104": {
    "namebox": "✨عالم الأنمي✨",
    "status": true
  },
  "1925800051300353": {
    "namebox": null,
    "status": true
  },
  "743745645129561": {
    "namebox": "∞Q🍭ue L🎀es🧚 Fill🧸es 🌼∞🥀🦋",
    "status": true
  },
  "24142283165432156": {
    "namebox": "تاست. 👨🏻‍💻💘",
    "status": true
  },
  "1695841154581002": {
    "namebox": null,
    "status": true
  },
  "8593302750709291": {
    "namebox": "〄 𝗟𝗢𝗩𝗘𝗟𝗬 ܤ 𝗔𝗦𝗧𝗥𝗔 卍",
    "status": true
  },
  "1271146424556185": {
    "namebox": "ȻĦȺŦ MƗꝀØᖫ✧",
    "status": true
  },
  "2577714675914527": {
    "namebox": "الرصاصه الفضيه 🖤🕳️",
    "status": true
  },
  "1257741095665542": {
    "namebox": "ههه",
    "status": true
  },
  "859651759904773": {
    "namebox": "🜲 |『 نـقابـة _ الـرصـاصـة الـقـرمـزيـة』| 🜲",
    "status": true
  },
  "2594171910963277": {
    "namebox": "احا",
    "status": true
  },
  "1035928068696971": {
    "namebox": "⤷⇈『الظلال 〘🤖〙قسم البرمجة 』  ➣⇊",
    "status": true
  },
  "1324169676155036": {
    "namebox": "⟬⟭ C H A T A L I X Y ⟬⟭",
    "status": false
  },
  "1758088668230835": {
    "namebox": "╯⇈〖 عشـیࢪة ︱〘🀄〙 ︱الظلال 〗 ➣ ⇊╰",
    "status": true
  },
  "1307395881060594": {
    "namebox": "✧↑↑▯فيلق الكريبس☄ ᏟᏒᎥᎮᏕ▯↓↓✧",
    "status": false
  },
  "2234887280316331": {
    "namebox": "༆ مجلس  ✰〖💮〗✰︳  الظـلال ༆",
    "status": false
  },
  "1145251594421503": {
    "namebox": "¦ 🏮 ¦︳『عشـيࢪة 〘🏮〙الاكاتسكي 』⇶☯︎",
    "status": true
  },
  "1219991816713745": {
    "namebox": null,
    "status": true
  },
  "1479088836637881": {
    "namebox": "♜﹤ 𝑺𝑻ᬼ‌ـ𝑨𝑹『✲』𝑬𝑴𝑷ـ⃟҉𝑰𝑹𝑬﹥♖",
    "status": true
  }
}